video_id,title,views,likes,comments,published_at,channel_subscribers,engagement_ratio,video_length_sec,is_hit
vid_1,Movie Trailer 1,6433388,504571,43595,2024-06-29,6763126,0.0856,581,No
vid_2,Movie Trailer 2,6560634,329770,26968,2025-03-26,6343057,0.1094,434,Yes
vid_3,Movie Trailer 3,4314572,988439,26027,2025-05-10,3542483,0.1299,491,Yes
vid_4,Movie Trailer 4,2244489,963369,76717,2025-01-02,1513760,0.1818,161,Yes
vid_5,Movie Trailer 5,9968614,806488,45360,2025-01-17,9852044,0.1655,113,No
vid_6,Movie Trailer 6,9534682,219067,12211,2025-01-28,3558689,0.0152,428,No
vid_7,Movie Trailer 7,7214212,832772,29436,2025-03-12,1864236,0.034,138,Yes
vid_8,Movie Trailer 8,9638519,383252,17788,2025-03-31,7864426,0.0622,250,No
vid_9,Movie Trailer 9,4482471,954752,45251,2024-06-10,9989400,0.15,582,No
vid_10,Movie Trailer 10,4533669,94370,42239,2024-08-16,451930,0.1143,397,Yes
vid_11,Movie Trailer 11,7414852,791289,86662,2025-04-08,7403324,0.0584,176,Yes
vid_12,Movie Trailer 12,4991505,543485,48374,2024-07-24,7947232,0.0257,141,Yes
vid_13,Movie Trailer 13,1776891,665855,98843,2024-10-18,3499408,0.138,587,Yes
vid_14,Movie Trailer 14,4531373,147413,84888,2025-05-06,5404252,0.1402,523,Yes
vid_15,Movie Trailer 15,6029877,890424,57066,2025-05-07,92006,0.1886,534,Yes
vid_16,Movie Trailer 16,3354769,158868,27500,2025-04-05,4152785,0.1006,504,Yes
vid_17,Movie Trailer 17,9190351,246826,19985,2025-01-31,689725,0.0993,300,Yes
vid_18,Movie Trailer 18,113355,857012,26733,2025-01-23,9178376,0.017,450,No
vid_19,Movie Trailer 19,1272752,570551,23289,2024-09-06,207487,0.0089,396,Yes
vid_20,Movie Trailer 20,9794633,19916,78311,2024-07-18,6390308,0.087,309,No
vid_21,Movie Trailer 21,5674789,967444,11571,2025-05-09,3638820,0.0651,312,Yes
vid_22,Movie Trailer 22,9705979,758007,66071,2024-08-08,3285321,0.0508,69,Yes
vid_23,Movie Trailer 23,9315648,315097,88407,2025-02-10,7019523,0.0192,218,No
vid_24,Movie Trailer 24,5753066,156089,49163,2024-06-24,679841,0.1924,193,Yes
vid_25,Movie Trailer 25,6123790,621119,33152,2024-05-28,5421712,0.1674,565,Yes
vid_26,Movie Trailer 26,4731339,677026,26926,2024-08-16,3453501,0.1155,565,No
vid_27,Movie Trailer 27,9899550,206624,64334,2024-10-20,8434840,0.1902,33,Yes
vid_28,Movie Trailer 28,3285709,587211,44975,2025-01-30,2446840,0.1999,319,Yes
vid_29,Movie Trailer 29,94654,151978,4658,2024-10-05,5452973,0.1348,462,Yes
vid_30,Movie Trailer 30,5157581,730980,35143,2024-07-25,1380904,0.0546,500,Yes
vid_31,Movie Trailer 31,1964354,526147,50687,2024-12-31,7354172,0.009,210,Yes
vid_32,Movie Trailer 32,8252680,781552,96069,2025-05-19,1438188,0.1515,277,Yes
vid_33,Movie Trailer 33,2438388,435265,94598,2025-03-02,1657321,0.0946,308,No
vid_34,Movie Trailer 34,8926786,878906,99960,2024-05-30,539645,0.1307,283,No
vid_35,Movie Trailer 35,2673046,133654,98327,2024-10-18,9961559,0.1833,210,No
vid_36,Movie Trailer 36,5509720,810974,70145,2024-11-29,5355552,0.0371,538,No
vid_37,Movie Trailer 37,6650913,951323,35056,2024-12-31,4526121,0.1175,595,No
vid_38,Movie Trailer 38,3426664,451382,47074,2025-03-04,5833801,0.1273,355,Yes
vid_39,Movie Trailer 39,3395659,93601,69360,2025-02-01,6912855,0.0989,386,No
vid_40,Movie Trailer 40,3395357,264323,45903,2024-12-01,6551091,0.0192,420,No
vid_41,Movie Trailer 41,1475689,920321,61282,2025-03-31,7791574,0.0702,114,No
vid_42,Movie Trailer 42,78148,59776,92162,2025-04-05,3367823,0.0673,346,Yes
vid_43,Movie Trailer 43,1835665,945556,67659,2024-11-09,7371683,0.1344,241,Yes
vid_44,Movie Trailer 44,2755683,741904,64684,2025-04-03,2168354,0.1717,544,Yes
vid_45,Movie Trailer 45,4066518,173632,13770,2024-11-20,9486961,0.0666,413,No
vid_46,Movie Trailer 46,2679995,614785,21937,2024-11-27,6440522,0.139,371,Yes
vid_47,Movie Trailer 47,5007895,597235,86485,2024-07-17,5048999,0.0584,67,No
vid_48,Movie Trailer 48,6407986,617995,61377,2025-01-07,4386010,0.1891,540,Yes
vid_49,Movie Trailer 49,1880928,220278,97965,2025-04-30,4819750,0.1629,449,Yes
vid_50,Movie Trailer 50,4165299,149621,12598,2024-09-29,4992536,0.1105,198,Yes
vid_51,Movie Trailer 51,6259859,426852,52243,2024-08-21,9213863,0.0915,372,Yes
vid_52,Movie Trailer 52,2315413,588465,44748,2025-03-20,3472750,0.0636,335,Yes
vid_53,Movie Trailer 53,3920197,824790,33407,2024-11-10,4476156,0.0653,571,Yes
vid_54,Movie Trailer 54,5568019,703762,82199,2025-04-12,2766331,0.1941,566,No
vid_55,Movie Trailer 55,5424709,257109,76377,2024-08-13,8071297,0.0814,141,Yes
vid_56,Movie Trailer 56,281836,946469,71270,2024-12-23,8977766,0.1034,440,Yes
vid_57,Movie Trailer 57,3594702,137817,76629,2024-07-05,2631723,0.1976,235,No
vid_58,Movie Trailer 58,7291369,382015,19826,2024-07-10,866139,0.1319,214,No
vid_59,Movie Trailer 59,2309435,562388,42250,2024-11-18,9968246,0.109,411,No
vid_60,Movie Trailer 60,8595377,551125,6286,2024-07-31,7544159,0.0832,525,Yes
vid_61,Movie Trailer 61,2668505,798017,79540,2025-02-13,5385935,0.0383,408,No
vid_62,Movie Trailer 62,1281741,300809,23509,2024-05-27,2902717,0.073,76,No
vid_63,Movie Trailer 63,3779315,943126,88586,2025-04-17,6286939,0.1515,580,Yes
vid_64,Movie Trailer 64,1056797,906146,82505,2025-04-29,6817525,0.1255,557,Yes
vid_65,Movie Trailer 65,3057262,851687,71645,2024-06-18,2212738,0.1522,533,Yes
vid_66,Movie Trailer 66,9983006,186340,85122,2025-01-26,5693796,0.0415,51,Yes
vid_67,Movie Trailer 67,574685,576875,35956,2024-12-25,8679376,0.1103,242,No
vid_68,Movie Trailer 68,2889190,916480,55214,2025-04-12,6823567,0.1856,339,Yes
vid_69,Movie Trailer 69,5606411,274586,51896,2025-01-23,2640929,0.0882,301,No
vid_70,Movie Trailer 70,9710344,303050,71662,2025-04-01,3134211,0.14,231,Yes
vid_71,Movie Trailer 71,1017293,311014,15573,2024-11-09,7441449,0.0252,61,Yes
vid_72,Movie Trailer 72,4784183,78723,92334,2024-12-31,1727199,0.1947,472,Yes
vid_73,Movie Trailer 73,3376612,365421,92474,2024-10-02,5072915,0.1222,191,Yes
vid_74,Movie Trailer 74,8421855,917558,9857,2024-07-01,444945,0.0486,283,No
vid_75,Movie Trailer 75,5277180,862161,26165,2024-11-17,7383003,0.0325,550,No
vid_76,Movie Trailer 76,7817313,907525,79681,2025-02-28,6311114,0.1106,509,Yes
vid_77,Movie Trailer 77,2714238,183775,83320,2024-11-14,22253,0.1109,39,Yes
vid_78,Movie Trailer 78,2640708,913476,67288,2024-11-22,3604110,0.0195,534,Yes
vid_79,Movie Trailer 79,3504679,737434,18319,2025-02-04,2277787,0.1985,589,No
vid_80,Movie Trailer 80,5527209,630335,629,2024-06-13,7691840,0.1827,465,Yes
vid_81,Movie Trailer 81,1777640,812931,83204,2025-01-06,6502553,0.0928,140,Yes
vid_82,Movie Trailer 82,6733771,652565,50118,2024-05-28,9339770,0.0244,182,No
vid_83,Movie Trailer 83,1295160,216554,34717,2024-06-07,1275634,0.1666,131,No
vid_84,Movie Trailer 84,6090526,998848,20347,2024-06-25,2756063,0.1002,220,Yes
vid_85,Movie Trailer 85,5183036,109675,81547,2025-04-16,1229807,0.1436,592,Yes
vid_86,Movie Trailer 86,1435472,897436,66514,2024-07-15,8512383,0.1023,110,No
vid_87,Movie Trailer 87,58984,207706,47624,2024-07-01,5164515,0.0554,518,No
vid_88,Movie Trailer 88,6566168,972710,91438,2025-02-24,7602748,0.1671,117,Yes
vid_89,Movie Trailer 89,1514384,505915,91165,2024-08-22,4464158,0.1961,223,No
vid_90,Movie Trailer 90,2240919,292922,291,2025-01-17,8804208,0.0495,133,No
vid_91,Movie Trailer 91,6950119,76318,27430,2025-02-28,6182422,0.1107,125,Yes
vid_92,Movie Trailer 92,1747095,587618,80906,2024-09-28,2270070,0.0773,452,Yes
vid_93,Movie Trailer 93,4790450,770144,39040,2024-11-09,4414359,0.1845,227,Yes
vid_94,Movie Trailer 94,7479344,336299,1068,2025-01-04,7641167,0.1021,30,No
vid_95,Movie Trailer 95,2119818,449689,86223,2024-06-29,2832569,0.176,436,Yes
vid_96,Movie Trailer 96,2241785,686940,76270,2024-06-04,7323153,0.1729,407,No
vid_97,Movie Trailer 97,3863339,478546,28414,2024-08-10,9838371,0.056,196,No
vid_98,Movie Trailer 98,9477719,462152,29866,2025-01-30,2520507,0.1582,538,Yes
vid_99,Movie Trailer 99,1006107,334502,9210,2024-06-06,1257715,0.0836,342,No
vid_100,Movie Trailer 100,7140144,40086,64188,2024-12-07,8469865,0.1869,447,No
vid_101,Movie Trailer 101,4555583,679620,34007,2025-04-24,1527534,0.102,506,Yes
vid_102,Movie Trailer 102,3757389,347839,25621,2025-01-25,825143,0.1643,102,Yes
vid_103,Movie Trailer 103,4152807,625746,41245,2025-05-06,7347562,0.0573,170,Yes
vid_104,Movie Trailer 104,7998004,472427,35067,2024-12-12,3803986,0.0604,291,No
vid_105,Movie Trailer 105,6255035,327173,1249,2024-10-29,372616,0.1178,369,No
vid_106,Movie Trailer 106,3612279,597894,65671,2025-01-05,1961155,0.1998,337,Yes
vid_107,Movie Trailer 107,5525989,35011,45282,2025-04-19,9164766,0.0984,274,No
vid_108,Movie Trailer 108,2131690,873659,89403,2025-02-03,2711527,0.0306,544,Yes
vid_109,Movie Trailer 109,501234,425137,61222,2024-08-05,1769967,0.1082,366,Yes
vid_110,Movie Trailer 110,9919709,730499,15408,2024-12-12,9305991,0.0697,590,Yes
vid_111,Movie Trailer 111,5411218,978139,56513,2025-02-03,8371043,0.1108,105,Yes
vid_112,Movie Trailer 112,6924550,899985,6648,2024-06-21,280215,0.1091,204,Yes
vid_113,Movie Trailer 113,6177294,608846,6580,2024-09-09,2844236,0.0916,138,Yes
vid_114,Movie Trailer 114,9296029,12275,68795,2024-11-01,7380933,0.065,212,Yes
vid_115,Movie Trailer 115,6916726,905767,9120,2024-06-27,8662957,0.0385,221,No
vid_116,Movie Trailer 116,5898794,317015,79151,2024-09-30,6154973,0.1398,94,Yes
vid_117,Movie Trailer 117,7568158,499976,12125,2025-03-10,6036218,0.1148,503,Yes
vid_118,Movie Trailer 118,6520425,913689,39072,2025-01-07,1961584,0.0475,129,Yes
vid_119,Movie Trailer 119,8521017,645688,22921,2025-03-12,6224754,0.1553,573,No
vid_120,Movie Trailer 120,7897739,611313,32566,2025-01-16,5586709,0.0097,157,Yes
vid_121,Movie Trailer 121,779598,768834,78141,2024-08-08,9805815,0.1492,481,Yes
vid_122,Movie Trailer 122,5302895,66458,1979,2024-08-20,579688,0.1413,398,No
vid_123,Movie Trailer 123,7981379,410643,43763,2025-01-08,4227156,0.1625,72,Yes
vid_124,Movie Trailer 124,3341068,47157,82821,2024-07-27,5756892,0.0778,448,Yes
vid_125,Movie Trailer 125,3266415,268394,4480,2024-10-15,7984372,0.1331,517,No
vid_126,Movie Trailer 126,884371,790957,10235,2024-07-28,8128747,0.1643,107,Yes
vid_127,Movie Trailer 127,5664237,254826,23206,2024-10-30,4228995,0.1962,299,Yes
vid_128,Movie Trailer 128,983548,278276,13679,2024-11-18,7338694,0.0996,344,Yes
vid_129,Movie Trailer 129,3354014,526586,37390,2025-01-30,8922334,0.0084,197,Yes
vid_130,Movie Trailer 130,7074746,978104,48330,2025-03-13,3953255,0.101,368,Yes
vid_131,Movie Trailer 131,9612083,708854,47424,2024-09-04,3818242,0.1184,222,Yes
vid_132,Movie Trailer 132,6226204,937683,15587,2024-09-12,4991488,0.1741,482,Yes
vid_133,Movie Trailer 133,5203542,167392,88019,2025-04-06,240968,0.175,312,Yes
vid_134,Movie Trailer 134,2969034,959478,55419,2025-04-28,8678571,0.0886,365,No
vid_135,Movie Trailer 135,4584293,145031,28635,2025-03-27,2593536,0.1057,419,Yes
vid_136,Movie Trailer 136,6716971,443776,81050,2025-03-05,5505381,0.0919,554,Yes
vid_137,Movie Trailer 137,53585,162591,24099,2024-07-05,520165,0.1448,269,No
vid_138,Movie Trailer 138,2549448,381109,36497,2025-03-02,4415084,0.0826,512,No
vid_139,Movie Trailer 139,119556,402021,65848,2024-06-08,3441866,0.1313,584,Yes
vid_140,Movie Trailer 140,1585557,960484,97009,2024-10-18,3879363,0.0317,487,No
vid_141,Movie Trailer 141,8316461,261010,94805,2024-07-21,1028557,0.0944,118,Yes
vid_142,Movie Trailer 142,2019021,23336,50148,2025-04-20,7436697,0.1939,124,Yes
vid_143,Movie Trailer 143,1211482,88055,42833,2024-11-06,5899885,0.0684,481,No
vid_144,Movie Trailer 144,552335,740974,37218,2024-11-08,7602723,0.1388,457,Yes
vid_145,Movie Trailer 145,4280070,627533,54071,2024-07-21,7947155,0.1303,180,Yes
vid_146,Movie Trailer 146,6710379,670818,30669,2024-09-25,5689238,0.1705,543,Yes
vid_147,Movie Trailer 147,3570920,230885,31900,2024-08-25,9595731,0.1706,405,Yes
vid_148,Movie Trailer 148,6870006,95014,79144,2025-01-14,6704560,0.172,51,Yes
vid_149,Movie Trailer 149,2494413,889402,47065,2024-08-12,1786559,0.0766,342,No
vid_150,Movie Trailer 150,2917360,208090,19518,2025-05-17,8698057,0.064,548,Yes
vid_151,Movie Trailer 151,5905544,378487,42297,2024-06-08,534634,0.144,235,No
vid_152,Movie Trailer 152,5707469,538984,78926,2025-03-25,3933747,0.1521,404,Yes
vid_153,Movie Trailer 153,2245000,951176,26994,2024-06-07,8579845,0.1746,480,No
vid_154,Movie Trailer 154,6918531,996361,8135,2024-08-21,8103873,0.0081,208,No
vid_155,Movie Trailer 155,4332252,656739,36069,2025-01-06,9245655,0.0146,239,No
vid_156,Movie Trailer 156,5832184,194369,69579,2024-06-28,4624636,0.1266,529,Yes
vid_157,Movie Trailer 157,412690,898028,17097,2024-11-29,7557855,0.1843,493,Yes
vid_158,Movie Trailer 158,2558421,392517,5714,2025-03-26,5335233,0.1995,153,Yes
vid_159,Movie Trailer 159,1964109,980120,60586,2024-12-23,1407368,0.1496,142,No
vid_160,Movie Trailer 160,4432880,138255,73394,2024-10-12,6842300,0.0874,41,No
vid_161,Movie Trailer 161,7215547,120774,87138,2025-03-03,9235082,0.0206,155,Yes
vid_162,Movie Trailer 162,8333735,906839,72470,2024-10-02,5786267,0.1271,594,Yes
vid_163,Movie Trailer 163,6467294,781917,27218,2025-05-21,1225744,0.1746,360,Yes
vid_164,Movie Trailer 164,1394250,764857,85160,2025-01-08,5971226,0.0893,312,No
vid_165,Movie Trailer 165,71087,935375,66034,2024-09-08,4863894,0.1391,169,Yes
vid_166,Movie Trailer 166,6419907,947579,39892,2025-02-20,2132018,0.1808,430,No
vid_167,Movie Trailer 167,1506176,963252,25933,2024-09-05,8211710,0.0102,126,No
vid_168,Movie Trailer 168,49353,256813,29175,2025-03-29,3490429,0.1594,546,Yes
vid_169,Movie Trailer 169,6494531,441601,67213,2024-07-06,6889260,0.0594,598,Yes
vid_170,Movie Trailer 170,3370011,543451,91759,2024-12-21,6479443,0.0756,98,Yes
vid_171,Movie Trailer 171,7664909,67742,4124,2024-06-29,295746,0.03,147,Yes
vid_172,Movie Trailer 172,4269622,90193,64975,2024-09-05,5711754,0.1067,88,Yes
vid_173,Movie Trailer 173,4969617,507706,36331,2024-07-15,5433019,0.1136,62,Yes
vid_174,Movie Trailer 174,5735570,217315,73307,2025-02-10,4353892,0.1587,347,No
vid_175,Movie Trailer 175,426880,955203,96662,2025-03-05,1703159,0.0348,79,Yes
vid_176,Movie Trailer 176,7082695,707380,99314,2024-11-12,3758985,0.0167,518,Yes
vid_177,Movie Trailer 177,7443296,683989,25436,2025-03-01,3803177,0.1743,48,No
vid_178,Movie Trailer 178,4975050,36054,17782,2024-08-19,8513558,0.1243,226,No
vid_179,Movie Trailer 179,823168,27956,3722,2024-08-24,1154224,0.0489,479,Yes
vid_180,Movie Trailer 180,235281,526961,1377,2025-05-22,2651235,0.1827,588,Yes
vid_181,Movie Trailer 181,3792875,995948,91746,2024-07-20,4741039,0.0295,481,Yes
vid_182,Movie Trailer 182,3005765,559755,51934,2024-12-08,8300350,0.0928,318,No
vid_183,Movie Trailer 183,7744102,495653,3736,2024-09-14,9694374,0.0515,170,No
vid_184,Movie Trailer 184,5605108,762192,89162,2025-05-13,2304554,0.0518,113,No
vid_185,Movie Trailer 185,5684719,886140,27733,2025-03-26,4021120,0.0029,420,Yes
vid_186,Movie Trailer 186,8668144,323018,9118,2024-11-18,2947862,0.1611,244,No
vid_187,Movie Trailer 187,6619280,23852,77724,2024-12-16,2677517,0.1803,555,Yes
vid_188,Movie Trailer 188,5510306,841561,35653,2025-01-20,4308086,0.1358,244,Yes
vid_189,Movie Trailer 189,4382093,148857,31334,2025-04-23,7332006,0.0324,432,Yes
vid_190,Movie Trailer 190,1571729,916814,83370,2025-01-19,9016828,0.0889,157,Yes
vid_191,Movie Trailer 191,5041595,313937,8937,2024-08-05,8330442,0.0698,506,Yes
vid_192,Movie Trailer 192,5488047,116839,93690,2025-04-12,6170912,0.1179,433,No
vid_193,Movie Trailer 193,9080277,842493,96556,2025-04-09,8832924,0.1281,58,No
vid_194,Movie Trailer 194,1129043,238109,22453,2024-09-16,3518741,0.0854,367,Yes
vid_195,Movie Trailer 195,7113230,780416,79983,2025-04-17,6169563,0.0508,390,Yes
vid_196,Movie Trailer 196,2568231,208080,63459,2024-08-23,3457653,0.1692,598,Yes
vid_197,Movie Trailer 197,6669908,256709,76753,2025-03-19,5430219,0.0406,421,Yes
vid_198,Movie Trailer 198,3090389,388922,60243,2025-03-18,476595,0.0776,247,Yes
vid_199,Movie Trailer 199,1671909,336776,25547,2024-06-19,9855352,0.0972,231,No
vid_200,Movie Trailer 200,2666138,344238,77586,2024-09-21,1889806,0.0482,46,Yes
vid_201,Movie Trailer 201,120078,318377,22622,2024-08-14,2149091,0.1148,351,Yes
vid_202,Movie Trailer 202,1925631,518371,93987,2025-02-27,3962676,0.1154,547,Yes
vid_203,Movie Trailer 203,6324127,323512,6481,2025-01-07,1761462,0.1985,599,No
vid_204,Movie Trailer 204,9802712,485517,35641,2024-08-25,4059848,0.0598,354,No
vid_205,Movie Trailer 205,2018187,431559,92069,2024-07-16,810178,0.1956,441,No
vid_206,Movie Trailer 206,1669066,188556,31358,2024-10-18,7933310,0.132,347,No
vid_207,Movie Trailer 207,2158815,556041,64742,2025-02-03,4778402,0.0556,111,Yes
vid_208,Movie Trailer 208,7365740,157829,1187,2024-08-19,6935106,0.1136,503,Yes
vid_209,Movie Trailer 209,4516259,957556,4770,2024-06-03,7487327,0.1375,497,No
vid_210,Movie Trailer 210,7483915,939784,32789,2025-02-09,2563605,0.1492,454,Yes
vid_211,Movie Trailer 211,7668426,228604,21646,2024-05-22,722037,0.0108,233,Yes
vid_212,Movie Trailer 212,6414003,646217,81899,2024-12-14,5508683,0.1217,416,Yes
vid_213,Movie Trailer 213,4145314,652765,53561,2024-10-30,6418954,0.0998,127,Yes
vid_214,Movie Trailer 214,920681,996015,11566,2024-06-13,1022469,0.1809,374,Yes
vid_215,Movie Trailer 215,1617618,526010,27608,2024-06-24,6757350,0.058,237,Yes
vid_216,Movie Trailer 216,3906830,573144,11573,2024-11-12,5780277,0.16,543,No
vid_217,Movie Trailer 217,4346787,40909,46829,2024-10-10,2893371,0.1218,195,Yes
vid_218,Movie Trailer 218,2765423,541113,73780,2024-08-31,6971199,0.0711,51,Yes
vid_219,Movie Trailer 219,81295,716856,91065,2024-10-03,464001,0.1277,183,Yes
vid_220,Movie Trailer 220,9142582,51326,26976,2025-03-22,6012493,0.1246,468,Yes
vid_221,Movie Trailer 221,7623287,499612,81719,2025-01-16,2823136,0.1359,324,Yes
vid_222,Movie Trailer 222,3455376,605570,59899,2025-01-27,516693,0.1445,248,Yes
vid_223,Movie Trailer 223,5261035,475881,26997,2025-04-20,2637722,0.1322,524,Yes
vid_224,Movie Trailer 224,3622600,29502,78724,2024-11-30,7819114,0.1678,259,Yes
vid_225,Movie Trailer 225,835816,4363,58358,2025-05-12,240017,0.126,49,Yes
vid_226,Movie Trailer 226,8773313,751983,24606,2024-07-25,415994,0.1808,582,Yes
vid_227,Movie Trailer 227,2036793,178000,33184,2024-08-12,942768,0.1296,177,Yes
vid_228,Movie Trailer 228,564594,572312,64116,2025-01-25,5713044,0.0625,137,Yes
vid_229,Movie Trailer 229,8546326,336426,69977,2024-07-25,8044846,0.0887,432,Yes
vid_230,Movie Trailer 230,3514473,224237,59192,2025-01-30,1077941,0.1163,512,No
vid_231,Movie Trailer 231,7309695,452368,93310,2025-05-19,466982,0.1467,396,Yes
vid_232,Movie Trailer 232,2214664,929268,87173,2025-04-16,2539568,0.0189,443,Yes
vid_233,Movie Trailer 233,4351747,297981,39320,2024-05-25,274146,0.0597,338,Yes
vid_234,Movie Trailer 234,9917771,363576,56098,2024-07-03,5454174,0.1497,163,No
vid_235,Movie Trailer 235,696976,351807,8916,2025-04-22,6125152,0.036,312,No
vid_236,Movie Trailer 236,2482189,684833,36924,2025-01-25,1165795,0.0273,102,No
vid_237,Movie Trailer 237,8516404,510685,45389,2025-04-18,9778938,0.1083,510,No
vid_238,Movie Trailer 238,1251082,691857,78622,2025-05-06,7131030,0.1943,381,Yes
vid_239,Movie Trailer 239,5194502,390819,37660,2024-12-04,2678747,0.1066,589,No
vid_240,Movie Trailer 240,6571000,479461,46891,2025-04-16,2410381,0.1828,355,Yes
vid_241,Movie Trailer 241,6681458,101471,46423,2024-09-01,7027492,0.1663,472,Yes
vid_242,Movie Trailer 242,4902306,563097,6022,2025-01-21,8310411,0.0521,129,Yes
vid_243,Movie Trailer 243,3684515,192292,50125,2024-12-31,6860216,0.1651,88,Yes
vid_244,Movie Trailer 244,1589159,150422,7161,2024-06-14,2944295,0.0969,537,No
vid_245,Movie Trailer 245,9305925,21272,57726,2024-09-16,3284616,0.1615,287,Yes
vid_246,Movie Trailer 246,4525488,535943,93757,2025-02-02,78175,0.1496,442,No
vid_247,Movie Trailer 247,6051495,996221,92663,2024-08-19,2079808,0.0684,481,Yes
vid_248,Movie Trailer 248,9066842,577664,36388,2025-03-16,1358453,0.0239,94,Yes
vid_249,Movie Trailer 249,8777088,581880,42662,2024-08-03,3012786,0.1926,183,Yes
vid_250,Movie Trailer 250,6334167,708462,72440,2024-07-31,96028,0.029,295,Yes
vid_251,Movie Trailer 251,801971,513419,13477,2024-09-22,1559242,0.1933,108,No
vid_252,Movie Trailer 252,511157,780398,31020,2025-01-18,4320453,0.1722,344,Yes
vid_253,Movie Trailer 253,4388727,876131,54701,2024-09-22,4949008,0.1451,589,Yes
vid_254,Movie Trailer 254,4134499,989959,64167,2024-10-26,5446315,0.196,277,No
vid_255,Movie Trailer 255,5956594,222420,12299,2025-02-14,8553442,0.1935,443,Yes
vid_256,Movie Trailer 256,5116799,418078,44986,2025-04-04,2368555,0.1611,54,No
vid_257,Movie Trailer 257,4337576,11146,43606,2025-04-03,9619395,0.0738,313,Yes
vid_258,Movie Trailer 258,4972140,228171,23181,2024-06-19,3013359,0.1583,478,Yes
vid_259,Movie Trailer 259,2809487,378265,86375,2024-10-14,9715177,0.0038,330,Yes
vid_260,Movie Trailer 260,2914941,946373,99600,2024-11-22,9806436,0.1078,97,Yes
vid_261,Movie Trailer 261,7993441,708762,44149,2024-10-18,2415165,0.0915,36,Yes
vid_262,Movie Trailer 262,5330385,416466,48723,2024-10-24,7205776,0.1349,166,No
vid_263,Movie Trailer 263,2110021,985851,29744,2024-09-25,3209823,0.1348,193,No
vid_264,Movie Trailer 264,9759436,267097,72598,2025-04-25,7458918,0.1173,112,No
vid_265,Movie Trailer 265,6938040,645288,63656,2024-06-12,5052646,0.1647,449,Yes
vid_266,Movie Trailer 266,628467,482715,3664,2024-06-22,3626654,0.1881,102,Yes
vid_267,Movie Trailer 267,5343152,415108,89032,2024-06-26,286711,0.0226,266,Yes
vid_268,Movie Trailer 268,7338141,583517,18753,2025-04-02,5279172,0.0475,75,Yes
vid_269,Movie Trailer 269,5082148,761479,48378,2025-04-21,9512997,0.006,291,No
vid_270,Movie Trailer 270,1717923,205650,90035,2024-10-28,6913880,0.177,205,Yes
vid_271,Movie Trailer 271,5144207,244983,74182,2024-11-30,576919,0.1127,195,Yes
vid_272,Movie Trailer 272,8526999,638518,6451,2025-03-28,3332106,0.1831,399,Yes
vid_273,Movie Trailer 273,6740886,460614,24621,2025-01-15,9242354,0.0451,83,No
vid_274,Movie Trailer 274,9415634,949591,12159,2025-02-13,423381,0.0136,448,Yes
vid_275,Movie Trailer 275,5863584,671310,59199,2025-02-14,977433,0.1649,536,Yes
vid_276,Movie Trailer 276,8180528,929716,21685,2024-08-21,8223462,0.182,370,Yes
vid_277,Movie Trailer 277,4311754,121889,71041,2024-10-05,4901164,0.0611,156,Yes
vid_278,Movie Trailer 278,2279042,679518,42678,2025-03-12,9910551,0.0823,438,Yes
vid_279,Movie Trailer 279,1993509,700880,13683,2024-10-18,6337356,0.0288,396,Yes
vid_280,Movie Trailer 280,7750141,563278,76676,2025-02-18,5680042,0.1893,300,No
vid_281,Movie Trailer 281,126381,66117,88214,2024-12-31,402067,0.0616,408,Yes
vid_282,Movie Trailer 282,1531701,178476,80768,2024-09-28,7095176,0.099,102,No
vid_283,Movie Trailer 283,6115525,688381,65439,2025-01-15,461796,0.0203,277,No
vid_284,Movie Trailer 284,9597994,499237,23679,2025-04-14,7741616,0.1776,72,No
vid_285,Movie Trailer 285,3448618,656984,34078,2024-10-08,5995376,0.028,406,Yes
vid_286,Movie Trailer 286,7923697,624812,88799,2024-08-14,5290283,0.0913,70,Yes
vid_287,Movie Trailer 287,2467184,801580,9445,2025-04-02,5859338,0.1344,199,No
vid_288,Movie Trailer 288,4113022,952715,94098,2025-04-27,4990904,0.1489,241,No
vid_289,Movie Trailer 289,1428175,693364,52259,2024-06-23,9393609,0.1892,522,Yes
vid_290,Movie Trailer 290,3816688,841444,37394,2024-08-19,313023,0.0844,68,No
vid_291,Movie Trailer 291,7275795,558396,81939,2025-05-15,6271016,0.1487,398,Yes
vid_292,Movie Trailer 292,3782962,393376,76163,2025-04-05,7321583,0.0318,180,Yes
vid_293,Movie Trailer 293,4051776,730126,75398,2025-01-21,7823636,0.0836,140,Yes
vid_294,Movie Trailer 294,2737423,607947,31411,2025-02-26,3178902,0.0207,509,Yes
vid_295,Movie Trailer 295,5719840,55437,71841,2024-10-26,756111,0.0984,465,Yes
vid_296,Movie Trailer 296,5140397,897148,34094,2024-09-16,2321715,0.0822,76,No
vid_297,Movie Trailer 297,3461356,275594,55836,2024-09-18,2235805,0.1904,395,Yes
vid_298,Movie Trailer 298,9530173,24454,36461,2025-02-02,4305459,0.0075,98,Yes
vid_299,Movie Trailer 299,3454084,45286,7237,2024-10-29,1900054,0.0747,328,Yes
vid_300,Movie Trailer 300,2937109,552533,31920,2025-04-22,3458550,0.0892,325,Yes
vid_301,Movie Trailer 301,6989451,427336,36051,2025-02-27,1551184,0.1902,232,Yes
vid_302,Movie Trailer 302,8529981,610511,88930,2024-11-09,4175482,0.1712,90,No
vid_303,Movie Trailer 303,7788484,499983,65691,2025-05-21,8154113,0.0208,343,No
vid_304,Movie Trailer 304,8513902,730646,81581,2024-11-04,3274523,0.1375,190,No
vid_305,Movie Trailer 305,6224624,740929,65491,2025-01-07,8478276,0.1093,360,No
vid_306,Movie Trailer 306,4852611,544969,68586,2024-10-02,6962383,0.1956,557,Yes
vid_307,Movie Trailer 307,6367182,613317,64184,2024-12-27,7961339,0.0724,367,Yes
vid_308,Movie Trailer 308,4345868,285295,26170,2024-10-18,2771742,0.0802,333,Yes
vid_309,Movie Trailer 309,9824996,575862,17643,2024-05-31,2771374,0.0388,532,Yes
vid_310,Movie Trailer 310,2225167,616136,94890,2024-08-11,7297405,0.0253,367,No
vid_311,Movie Trailer 311,3896402,126095,17024,2024-06-18,6847539,0.1698,579,Yes
vid_312,Movie Trailer 312,6555535,245790,80542,2024-09-15,8660522,0.0915,304,Yes
vid_313,Movie Trailer 313,6852385,331870,49114,2025-03-04,4110803,0.1329,193,No
vid_314,Movie Trailer 314,9088552,793492,41631,2025-02-14,5637289,0.1287,472,No
vid_315,Movie Trailer 315,698105,429088,77241,2024-12-22,8752063,0.1198,348,No
vid_316,Movie Trailer 316,1999173,939124,68398,2025-01-31,1035586,0.0053,533,Yes
vid_317,Movie Trailer 317,3090761,180653,16024,2025-04-23,6041502,0.1576,416,Yes
vid_318,Movie Trailer 318,1424466,560796,92588,2024-07-30,5548094,0.0495,523,Yes
vid_319,Movie Trailer 319,455101,880538,33765,2024-08-18,3101581,0.0261,519,Yes
vid_320,Movie Trailer 320,8116609,259668,40400,2025-04-21,2662637,0.1134,102,Yes
vid_321,Movie Trailer 321,7423023,319378,23721,2024-12-13,3673277,0.0147,538,Yes
vid_322,Movie Trailer 322,7623269,151663,91668,2025-04-23,2085504,0.1533,419,No
vid_323,Movie Trailer 323,1115534,656801,58003,2025-04-27,3022372,0.0422,324,Yes
vid_324,Movie Trailer 324,9982201,700083,74706,2024-07-27,4855042,0.044,398,No
vid_325,Movie Trailer 325,9623273,614715,27223,2024-09-20,2472378,0.1741,578,No
vid_326,Movie Trailer 326,4363127,393654,57794,2024-09-07,3831121,0.0664,597,Yes
vid_327,Movie Trailer 327,7325360,202603,7431,2024-08-24,5354912,0.0304,216,No
vid_328,Movie Trailer 328,8083461,143426,86946,2025-03-03,1354324,0.1802,474,Yes
vid_329,Movie Trailer 329,508863,707320,99083,2025-04-23,6754008,0.0016,599,Yes
vid_330,Movie Trailer 330,8766262,11444,17737,2024-09-04,6125386,0.1718,392,No
vid_331,Movie Trailer 331,2686188,395066,4368,2025-04-11,3373455,0.0298,152,Yes
vid_332,Movie Trailer 332,3305990,972360,65118,2025-02-16,4269173,0.0269,217,No
vid_333,Movie Trailer 333,7792937,592345,94028,2025-04-17,6035722,0.0509,449,Yes
vid_334,Movie Trailer 334,6536818,105523,32127,2024-07-22,9259415,0.0357,281,Yes
vid_335,Movie Trailer 335,9891393,320297,88710,2025-04-18,7011131,0.1326,578,Yes
vid_336,Movie Trailer 336,9195687,464171,31920,2024-06-11,4397720,0.0061,364,Yes
vid_337,Movie Trailer 337,5501590,671356,98042,2025-01-22,4071028,0.004,121,Yes
vid_338,Movie Trailer 338,6522440,186933,55764,2024-10-28,7952036,0.1582,559,No
vid_339,Movie Trailer 339,6109628,718012,62448,2025-03-22,6870989,0.0483,92,No
vid_340,Movie Trailer 340,6565968,775535,29381,2024-08-04,1370277,0.0654,541,No
vid_341,Movie Trailer 341,2709015,77554,51511,2025-01-16,5523567,0.0357,168,Yes
vid_342,Movie Trailer 342,9684733,257694,60956,2024-07-30,6723090,0.0114,214,No
vid_343,Movie Trailer 343,8847590,511997,38477,2024-07-22,750971,0.1486,234,No
vid_344,Movie Trailer 344,1182622,352844,17635,2025-05-02,8223502,0.1057,243,No
vid_345,Movie Trailer 345,2513771,909264,33903,2024-07-09,7750972,0.1494,285,Yes
vid_346,Movie Trailer 346,3187825,516242,76339,2025-04-11,4461276,0.0958,164,No
vid_347,Movie Trailer 347,1006161,945539,31017,2024-10-20,7457688,0.1558,117,No
vid_348,Movie Trailer 348,4193839,37741,91312,2024-06-20,4076837,0.1031,236,Yes
vid_349,Movie Trailer 349,676326,554099,39542,2024-07-28,9731665,0.0227,158,No
vid_350,Movie Trailer 350,659150,856874,54263,2024-08-06,2234706,0.1013,32,Yes
vid_351,Movie Trailer 351,3385957,369140,12333,2024-08-28,6095645,0.1891,150,Yes
vid_352,Movie Trailer 352,128834,667642,73389,2024-12-12,8875365,0.0096,414,Yes
vid_353,Movie Trailer 353,3249576,612221,14220,2025-01-09,2055376,0.1569,67,Yes
vid_354,Movie Trailer 354,5903309,318520,16466,2025-02-07,1186111,0.1735,370,Yes
vid_355,Movie Trailer 355,5958540,281785,31377,2024-06-14,4962828,0.1048,50,No
vid_356,Movie Trailer 356,4259913,880989,54634,2024-12-13,7733752,0.0922,271,Yes
vid_357,Movie Trailer 357,4432201,475626,10116,2025-01-20,2393919,0.1928,484,No
vid_358,Movie Trailer 358,1089600,44913,68018,2025-01-07,1501948,0.0131,332,No
vid_359,Movie Trailer 359,9424323,692658,72250,2024-11-01,6328090,0.0963,98,Yes
vid_360,Movie Trailer 360,9837141,664280,64325,2025-03-16,4108834,0.0809,158,No
vid_361,Movie Trailer 361,3513157,286314,69259,2024-06-13,2409630,0.1375,225,No
vid_362,Movie Trailer 362,8282874,987372,70597,2024-06-26,9984526,0.0986,169,No
vid_363,Movie Trailer 363,8859851,928726,10766,2024-12-20,5838196,0.182,473,No
vid_364,Movie Trailer 364,1995588,342803,68021,2024-09-30,8096213,0.0156,312,No
vid_365,Movie Trailer 365,8650059,204715,36388,2024-12-12,2703994,0.0171,341,No
vid_366,Movie Trailer 366,4207355,476757,4265,2025-04-15,5920626,0.1221,564,Yes
vid_367,Movie Trailer 367,1762683,566174,14494,2025-05-18,5558805,0.0141,306,No
vid_368,Movie Trailer 368,7726868,750394,56559,2024-09-30,4903444,0.0557,90,No
vid_369,Movie Trailer 369,1014646,755264,34513,2024-07-08,193512,0.127,348,Yes
vid_370,Movie Trailer 370,9370133,400053,73804,2024-08-07,3715379,0.1101,81,Yes
vid_371,Movie Trailer 371,3877500,822594,45123,2025-04-01,5846447,0.0657,182,No
vid_372,Movie Trailer 372,459395,971841,74079,2025-04-15,1550420,0.1989,340,Yes
vid_373,Movie Trailer 373,5153901,838103,98127,2024-08-20,3346647,0.1066,573,No
vid_374,Movie Trailer 374,6764350,287754,5259,2025-02-02,8313934,0.0913,596,Yes
vid_375,Movie Trailer 375,1270386,281670,19211,2024-09-05,3901379,0.1215,418,Yes
vid_376,Movie Trailer 376,3064390,37365,58586,2025-01-07,3805409,0.0207,577,Yes
vid_377,Movie Trailer 377,7029431,935454,9696,2025-03-16,6723055,0.1407,206,Yes
vid_378,Movie Trailer 378,3389569,249421,53373,2024-11-25,9036949,0.1707,391,No
vid_379,Movie Trailer 379,2910603,66250,97553,2025-04-17,1521982,0.1305,343,No
vid_380,Movie Trailer 380,8621474,611700,671,2025-01-17,6282646,0.154,126,No
vid_381,Movie Trailer 381,9533856,89713,44853,2024-11-14,3999422,0.1444,242,Yes
vid_382,Movie Trailer 382,1656711,337154,95683,2024-12-28,6427288,0.0438,166,Yes
vid_383,Movie Trailer 383,5597774,838907,60973,2025-03-03,9591446,0.0909,35,No
vid_384,Movie Trailer 384,6329707,121926,42838,2024-10-10,2165563,0.0465,138,No
vid_385,Movie Trailer 385,7977801,559823,48614,2024-08-17,5182377,0.0684,576,Yes
vid_386,Movie Trailer 386,1433286,882975,10536,2024-05-27,5282091,0.0912,68,Yes
vid_387,Movie Trailer 387,3705961,450448,68920,2024-12-19,4409285,0.0838,454,Yes
vid_388,Movie Trailer 388,8227316,210117,25602,2024-07-13,8013369,0.0199,290,No
vid_389,Movie Trailer 389,3187945,999654,28992,2024-06-22,4205955,0.0859,455,No
vid_390,Movie Trailer 390,7358340,134155,217,2024-08-25,5060667,0.1334,116,Yes
vid_391,Movie Trailer 391,193062,490557,88743,2025-05-18,8091736,0.0755,494,Yes
vid_392,Movie Trailer 392,2851992,676122,98946,2024-06-15,2986696,0.0314,105,No
vid_393,Movie Trailer 393,4304539,810042,68629,2024-08-12,8144179,0.1847,500,Yes
vid_394,Movie Trailer 394,6105929,733647,29338,2024-12-20,8827233,0.0144,443,Yes
vid_395,Movie Trailer 395,4954505,696458,46489,2024-06-17,3302106,0.1665,486,Yes
vid_396,Movie Trailer 396,813328,450162,20113,2025-03-30,1373070,0.0196,314,Yes
vid_397,Movie Trailer 397,4072958,94171,39901,2025-03-15,2594726,0.0202,268,Yes
vid_398,Movie Trailer 398,1053233,793172,10764,2025-01-07,6722308,0.148,587,No
vid_399,Movie Trailer 399,6478703,306791,99993,2025-03-24,8242353,0.1625,401,No
vid_400,Movie Trailer 400,539525,841152,81447,2025-03-29,5671706,0.1117,524,No
vid_401,Movie Trailer 401,186615,146489,98550,2024-08-12,4451252,0.1177,74,No
vid_402,Movie Trailer 402,4391932,639996,72992,2025-03-04,9959665,0.1128,430,Yes
vid_403,Movie Trailer 403,6675088,269808,55932,2025-01-03,9250677,0.0666,276,No
vid_404,Movie Trailer 404,7484447,682805,48241,2024-12-29,9246234,0.0253,479,Yes
vid_405,Movie Trailer 405,4611020,638212,29311,2024-07-17,8495630,0.0714,514,No
vid_406,Movie Trailer 406,3709391,254544,91662,2025-02-04,5656635,0.1334,47,No
vid_407,Movie Trailer 407,8939860,603661,62721,2024-11-28,4976045,0.1503,318,Yes
vid_408,Movie Trailer 408,7016454,861391,41333,2025-02-07,471529,0.1738,443,Yes
vid_409,Movie Trailer 409,3622610,211937,18762,2024-06-05,162445,0.1445,264,Yes
vid_410,Movie Trailer 410,7041883,110117,97922,2024-07-02,3835242,0.1937,445,Yes
vid_411,Movie Trailer 411,2174367,991642,82215,2025-01-07,6495503,0.1205,528,Yes
vid_412,Movie Trailer 412,154356,123718,98462,2024-09-06,685029,0.071,144,No
vid_413,Movie Trailer 413,8754220,969997,13405,2024-09-14,5338355,0.116,263,No
vid_414,Movie Trailer 414,8408043,459397,85967,2025-01-14,8899978,0.0433,569,Yes
vid_415,Movie Trailer 415,1758014,125441,56283,2025-04-26,6982440,0.1317,40,Yes
vid_416,Movie Trailer 416,7166720,815962,91888,2025-04-05,4000694,0.0456,235,Yes
vid_417,Movie Trailer 417,2298627,730992,4905,2024-07-02,3309505,0.0225,276,No
vid_418,Movie Trailer 418,6527963,552176,76569,2024-10-18,8202428,0.1692,588,Yes
vid_419,Movie Trailer 419,6607519,750965,10709,2025-01-01,209944,0.0741,156,Yes
vid_420,Movie Trailer 420,774121,441859,65071,2025-04-30,5187686,0.1528,176,Yes
vid_421,Movie Trailer 421,7078121,931523,9725,2025-05-21,7577472,0.1152,147,Yes
vid_422,Movie Trailer 422,9568356,855878,19179,2024-12-03,1362303,0.1616,411,Yes
vid_423,Movie Trailer 423,3512630,882654,16173,2025-03-17,4202765,0.1692,441,No
vid_424,Movie Trailer 424,5708848,564362,5792,2024-06-30,7965443,0.1949,392,Yes
vid_425,Movie Trailer 425,1117677,893841,88187,2025-01-08,2895100,0.1639,538,No
vid_426,Movie Trailer 426,5748852,540759,84338,2025-03-01,4667805,0.1231,166,Yes
vid_427,Movie Trailer 427,298790,831616,35595,2024-10-08,1198162,0.1289,204,No
vid_428,Movie Trailer 428,5094921,422945,30692,2024-08-13,1047161,0.0062,318,No
vid_429,Movie Trailer 429,9807444,706644,47874,2024-05-26,6675851,0.1859,510,Yes
vid_430,Movie Trailer 430,3703305,324160,84426,2024-10-16,4689482,0.1661,48,Yes
vid_431,Movie Trailer 431,4476271,598360,55124,2024-08-08,8349022,0.0542,224,Yes
vid_432,Movie Trailer 432,4395536,193359,38077,2025-05-18,6984604,0.0369,359,No
vid_433,Movie Trailer 433,1362695,275228,42695,2025-03-26,1898501,0.1408,204,Yes
vid_434,Movie Trailer 434,1599228,819571,18083,2025-04-14,4755619,0.0625,478,No
vid_435,Movie Trailer 435,1110567,609819,36045,2024-06-03,6466377,0.0686,383,Yes
vid_436,Movie Trailer 436,7716358,870223,64987,2025-03-07,6130439,0.0022,528,No
vid_437,Movie Trailer 437,59115,845138,90383,2024-08-16,9062826,0.1741,170,No
vid_438,Movie Trailer 438,731747,403932,83372,2025-05-04,3886250,0.1137,122,No
vid_439,Movie Trailer 439,5402023,889197,90527,2024-11-14,8992899,0.0808,268,Yes
vid_440,Movie Trailer 440,5967515,629761,65460,2024-07-28,4903059,0.0292,234,Yes
vid_441,Movie Trailer 441,6242753,181244,10392,2024-08-13,6608912,0.127,589,No
vid_442,Movie Trailer 442,5256880,811106,4447,2025-03-08,5574694,0.0071,462,Yes
vid_443,Movie Trailer 443,1414330,921034,70981,2024-10-14,5229566,0.1495,274,Yes
vid_444,Movie Trailer 444,261492,250295,64622,2025-03-18,720407,0.0438,346,Yes
vid_445,Movie Trailer 445,4045851,143848,90365,2025-05-01,2539143,0.0845,324,Yes
vid_446,Movie Trailer 446,501072,404132,61939,2024-12-16,338913,0.0688,311,Yes
vid_447,Movie Trailer 447,1096880,32833,97528,2024-11-17,329821,0.0746,46,Yes
vid_448,Movie Trailer 448,2065723,741140,98874,2025-05-02,3888008,0.1446,100,Yes
vid_449,Movie Trailer 449,2258988,526438,12339,2024-11-20,6726275,0.1556,298,No
vid_450,Movie Trailer 450,9712701,110096,25179,2025-02-04,3616652,0.114,354,No
vid_451,Movie Trailer 451,2986242,558321,87478,2024-06-07,5194734,0.0179,334,No
vid_452,Movie Trailer 452,4590081,549339,34604,2025-01-15,8458411,0.0115,480,No
vid_453,Movie Trailer 453,2658790,556801,76967,2024-06-15,7773580,0.0323,36,Yes
vid_454,Movie Trailer 454,3773024,165973,60641,2025-03-31,808744,0.1239,343,Yes
vid_455,Movie Trailer 455,4843177,711079,45043,2024-11-22,9138344,0.1351,132,Yes
vid_456,Movie Trailer 456,8282841,950517,63143,2024-08-09,5721622,0.0551,222,Yes
vid_457,Movie Trailer 457,3363597,899105,73175,2024-10-26,9089147,0.1327,558,No
vid_458,Movie Trailer 458,8464561,433916,73871,2024-07-09,8635012,0.0976,200,Yes
vid_459,Movie Trailer 459,2607480,713235,52300,2025-03-04,6934705,0.089,566,Yes
vid_460,Movie Trailer 460,4207571,221988,94041,2025-01-21,5546403,0.0554,280,Yes
vid_461,Movie Trailer 461,6384201,785432,31760,2025-02-28,18297,0.1512,416,Yes
vid_462,Movie Trailer 462,6128900,745553,95165,2025-02-21,789443,0.0236,236,No
vid_463,Movie Trailer 463,2932097,768050,40471,2024-10-23,3266962,0.0866,570,Yes
vid_464,Movie Trailer 464,167164,166572,73810,2025-05-10,6011334,0.0574,445,No
vid_465,Movie Trailer 465,541831,397810,78232,2025-02-20,9616754,0.136,409,Yes
vid_466,Movie Trailer 466,2999475,211860,24236,2024-12-03,5753613,0.0978,173,Yes
vid_467,Movie Trailer 467,3379720,122844,6731,2024-10-24,1334572,0.1338,54,No
vid_468,Movie Trailer 468,4721075,875963,56164,2024-06-14,5638025,0.01,102,Yes
vid_469,Movie Trailer 469,7132313,730151,20619,2025-01-15,8073879,0.0797,122,No
vid_470,Movie Trailer 470,6864500,502046,52140,2025-01-06,9005471,0.1203,534,No
vid_471,Movie Trailer 471,2650328,43101,72919,2025-03-02,4702669,0.0025,365,No
vid_472,Movie Trailer 472,9089703,591752,55259,2024-05-28,3766056,0.061,454,No
vid_473,Movie Trailer 473,9232335,911520,48905,2025-03-28,3326315,0.043,528,Yes
vid_474,Movie Trailer 474,7336434,831560,94483,2024-11-08,5218092,0.0283,393,No
vid_475,Movie Trailer 475,9561536,238606,5666,2025-05-03,8265605,0.0518,228,Yes
vid_476,Movie Trailer 476,5073778,753119,74530,2024-09-24,829791,0.0663,442,No
vid_477,Movie Trailer 477,3980001,430889,63750,2025-01-29,3821887,0.0025,368,No
vid_478,Movie Trailer 478,80640,656266,64319,2025-02-09,6653346,0.1497,458,No
vid_479,Movie Trailer 479,4132263,910875,29994,2024-09-29,2847274,0.036,168,No
vid_480,Movie Trailer 480,4604877,712098,73832,2024-11-24,5989099,0.0767,571,Yes
vid_481,Movie Trailer 481,1365531,652689,5911,2024-12-17,7070337,0.141,86,No
vid_482,Movie Trailer 482,685510,912827,31562,2025-01-26,7872917,0.1006,261,No
vid_483,Movie Trailer 483,3751196,499822,91255,2025-01-28,5447079,0.1668,464,No
vid_484,Movie Trailer 484,7000102,685217,31065,2025-05-10,377794,0.1614,413,No
vid_485,Movie Trailer 485,2744296,559024,37695,2024-06-19,3879450,0.0153,589,Yes
vid_486,Movie Trailer 486,6716024,735557,73975,2025-02-13,3034349,0.1725,223,Yes
vid_487,Movie Trailer 487,908320,179452,14726,2024-10-30,9911074,0.0094,563,Yes
vid_488,Movie Trailer 488,5791565,810794,11148,2024-12-05,6408054,0.0047,547,No
vid_489,Movie Trailer 489,2017635,866967,35308,2024-12-31,783877,0.1843,214,Yes
vid_490,Movie Trailer 490,9625215,193383,51122,2025-04-17,4903825,0.1726,321,Yes
vid_491,Movie Trailer 491,3274908,972446,23439,2024-12-31,7069132,0.1156,364,Yes
vid_492,Movie Trailer 492,4270538,915115,50210,2024-11-24,6300492,0.1151,145,No
vid_493,Movie Trailer 493,6496460,450295,71318,2024-06-28,5799946,0.1422,78,Yes
vid_494,Movie Trailer 494,6207323,769984,48254,2024-09-04,7237694,0.0841,111,Yes
vid_495,Movie Trailer 495,3631581,999074,17357,2024-10-30,5929643,0.0239,362,Yes
vid_496,Movie Trailer 496,4256238,431513,16930,2024-06-09,9725700,0.0052,586,Yes
vid_497,Movie Trailer 497,5973135,304088,31832,2024-08-21,6050850,0.0656,364,Yes
vid_498,Movie Trailer 498,8824131,326998,46669,2024-12-04,851350,0.1605,561,Yes
vid_499,Movie Trailer 499,3609865,951761,40118,2025-05-08,8557255,0.124,250,Yes
vid_500,Movie Trailer 500,5392287,863661,89109,2025-03-24,2334679,0.1666,352,No
vid_501,Movie Trailer 501,8000340,302286,7977,2025-01-09,436477,0.184,32,No
vid_502,Movie Trailer 502,1049458,61765,11881,2025-02-20,7737484,0.0185,235,Yes
vid_503,Movie Trailer 503,3782811,246684,94309,2024-07-29,5652944,0.1691,69,No
vid_504,Movie Trailer 504,2327336,117053,77462,2025-01-07,4328308,0.0494,88,Yes
vid_505,Movie Trailer 505,2773642,476172,74280,2025-05-03,1582420,0.1182,536,No
vid_506,Movie Trailer 506,7699684,682836,33623,2025-03-28,787261,0.1053,151,No
vid_507,Movie Trailer 507,3798340,186726,28189,2024-07-21,3495708,0.0798,508,Yes
vid_508,Movie Trailer 508,207775,145371,52198,2024-10-12,6953314,0.0627,125,Yes
vid_509,Movie Trailer 509,2396488,118633,55109,2024-11-27,3080042,0.0686,443,Yes
vid_510,Movie Trailer 510,797494,999016,35272,2024-12-13,6666769,0.0673,264,Yes
vid_511,Movie Trailer 511,5861244,968552,78223,2024-10-11,6539655,0.0345,91,No
vid_512,Movie Trailer 512,5342660,598169,18278,2024-07-16,8515668,0.1026,285,Yes
vid_513,Movie Trailer 513,9599801,466066,77876,2024-09-03,5969633,0.0237,590,Yes
vid_514,Movie Trailer 514,6847433,66362,86279,2025-03-24,6899046,0.1025,377,Yes
vid_515,Movie Trailer 515,5093769,833132,60555,2024-11-06,3078099,0.1813,153,Yes
vid_516,Movie Trailer 516,543636,76998,92832,2024-07-31,2845180,0.0705,511,Yes
vid_517,Movie Trailer 517,4242406,455799,72156,2025-02-14,6759699,0.1457,346,Yes
vid_518,Movie Trailer 518,2286360,149469,71976,2025-01-12,7984939,0.164,533,No
vid_519,Movie Trailer 519,4418249,554836,39932,2025-04-30,5067112,0.1632,77,Yes
vid_520,Movie Trailer 520,4436219,288416,79374,2024-05-25,4094886,0.048,438,Yes
vid_521,Movie Trailer 521,8924438,960478,42923,2024-10-11,8951668,0.0301,165,No
vid_522,Movie Trailer 522,1342397,7757,97043,2025-05-22,5302358,0.0403,230,Yes
vid_523,Movie Trailer 523,7527836,477702,55687,2024-08-29,1507145,0.1209,279,No
vid_524,Movie Trailer 524,9116824,781077,49851,2024-08-20,2649202,0.1523,343,No
vid_525,Movie Trailer 525,6656705,943029,46342,2024-06-05,1193931,0.1314,397,Yes
vid_526,Movie Trailer 526,5472810,944289,92072,2024-06-13,4890084,0.0363,458,Yes
vid_527,Movie Trailer 527,8915921,375099,95704,2025-02-11,7134456,0.1548,509,Yes
vid_528,Movie Trailer 528,6913836,942182,25042,2024-11-17,872522,0.0993,343,Yes
vid_529,Movie Trailer 529,9736290,684291,37856,2024-10-14,6050531,0.1511,529,Yes
vid_530,Movie Trailer 530,6253669,8006,59484,2025-04-17,9931855,0.1522,384,Yes
vid_531,Movie Trailer 531,1296643,323657,44946,2024-06-16,6891709,0.0903,514,Yes
vid_532,Movie Trailer 532,9932192,578416,29804,2024-12-04,2182906,0.1849,240,Yes
vid_533,Movie Trailer 533,8325390,793819,61598,2024-07-07,8991884,0.1133,73,No
vid_534,Movie Trailer 534,6210646,295904,70994,2024-12-13,1501134,0.1274,570,Yes
vid_535,Movie Trailer 535,6993896,469074,50341,2024-06-17,2605884,0.1253,121,Yes
vid_536,Movie Trailer 536,8793148,847036,94407,2025-03-20,1706243,0.173,294,Yes
vid_537,Movie Trailer 537,5419861,715180,28151,2024-12-20,4275692,0.1258,249,No
vid_538,Movie Trailer 538,4949003,627367,9084,2024-09-05,240779,0.031,471,Yes
vid_539,Movie Trailer 539,6321326,34801,6416,2024-12-15,2976605,0.0146,430,No
vid_540,Movie Trailer 540,5156386,83400,97369,2024-06-15,5100154,0.089,429,Yes
vid_541,Movie Trailer 541,8425398,765637,23301,2024-10-25,6290249,0.0613,519,No
vid_542,Movie Trailer 542,458345,673134,41578,2024-12-06,8153885,0.0557,514,Yes
vid_543,Movie Trailer 543,9147682,83660,97549,2024-10-28,9177748,0.0122,499,Yes
vid_544,Movie Trailer 544,7837494,242715,46861,2024-05-31,6165014,0.102,474,Yes
vid_545,Movie Trailer 545,3695501,941478,99952,2024-12-22,7500412,0.0628,298,Yes
vid_546,Movie Trailer 546,1889490,43742,54833,2024-08-12,6217074,0.0909,296,Yes
vid_547,Movie Trailer 547,4994445,517183,23322,2025-03-18,5334968,0.0123,83,Yes
vid_548,Movie Trailer 548,6949705,491136,43118,2025-02-13,4589727,0.1665,557,No
vid_549,Movie Trailer 549,7012587,327404,66928,2024-10-19,8326032,0.0163,549,No
vid_550,Movie Trailer 550,6752471,804134,34181,2024-06-16,8979989,0.173,88,Yes
vid_551,Movie Trailer 551,1464908,365564,41789,2024-11-09,3684909,0.1712,69,Yes
vid_552,Movie Trailer 552,3329144,613189,68838,2024-06-10,1540600,0.1234,266,Yes
vid_553,Movie Trailer 553,8703670,288175,98733,2025-02-22,7466106,0.1019,415,No
vid_554,Movie Trailer 554,5816466,94477,12421,2024-07-11,5084801,0.0931,329,Yes
vid_555,Movie Trailer 555,5754588,815724,57019,2024-08-04,2228503,0.1113,424,No
vid_556,Movie Trailer 556,5314509,833074,15432,2024-12-19,3071771,0.1586,236,Yes
vid_557,Movie Trailer 557,7678216,913547,42478,2024-10-27,1144647,0.1793,365,Yes
vid_558,Movie Trailer 558,4959499,829052,32381,2024-08-15,7157406,0.0905,543,No
vid_559,Movie Trailer 559,2397312,327016,57032,2025-05-22,1417953,0.1622,207,No
vid_560,Movie Trailer 560,3703976,452078,71239,2024-12-18,2695245,0.1307,425,Yes
vid_561,Movie Trailer 561,6072903,312350,99081,2024-12-27,422280,0.065,400,Yes
vid_562,Movie Trailer 562,4418224,605509,51206,2025-02-04,910245,0.0957,347,No
vid_563,Movie Trailer 563,4045493,25659,80364,2024-10-14,342207,0.031,398,Yes
vid_564,Movie Trailer 564,9824149,892127,96784,2024-07-30,1231746,0.0133,413,No
vid_565,Movie Trailer 565,5713737,558130,96420,2024-07-16,3290791,0.0216,91,Yes
vid_566,Movie Trailer 566,1881403,856201,26725,2024-06-21,593632,0.1799,534,No
vid_567,Movie Trailer 567,5757372,997803,27615,2024-12-09,9861786,0.0693,268,No
vid_568,Movie Trailer 568,4858287,677214,99863,2024-09-26,1163189,0.1431,224,Yes
vid_569,Movie Trailer 569,5668796,135144,31184,2024-10-08,5731385,0.1014,251,No
vid_570,Movie Trailer 570,831052,857363,9966,2024-10-08,8803907,0.0353,90,Yes
vid_571,Movie Trailer 571,2235300,112317,76383,2024-06-11,2382486,0.0503,158,Yes
vid_572,Movie Trailer 572,1865567,566261,69262,2025-02-02,6714070,0.0881,185,Yes
vid_573,Movie Trailer 573,1544837,893064,61959,2024-09-03,8169326,0.0884,407,Yes
vid_574,Movie Trailer 574,3348442,912799,62656,2024-09-22,5394455,0.105,466,No
vid_575,Movie Trailer 575,4936203,403219,70027,2025-02-25,126438,0.0326,236,Yes
vid_576,Movie Trailer 576,433570,658480,63047,2024-06-19,3771183,0.0752,417,Yes
vid_577,Movie Trailer 577,2383139,828287,89828,2025-04-09,7086904,0.0573,509,Yes
vid_578,Movie Trailer 578,5231816,872488,6558,2024-12-28,6700744,0.0823,369,Yes
vid_579,Movie Trailer 579,9256766,87088,73304,2024-09-01,9025327,0.0683,369,Yes
vid_580,Movie Trailer 580,2124792,570036,23187,2024-06-17,2802445,0.12,233,No
vid_581,Movie Trailer 581,8451136,126091,24032,2024-07-02,9197866,0.1581,190,No
vid_582,Movie Trailer 582,1883421,402832,5552,2024-07-09,6840789,0.1298,569,No
vid_583,Movie Trailer 583,6560670,506179,91022,2024-12-02,8571556,0.0141,421,Yes
vid_584,Movie Trailer 584,6091950,901537,96330,2025-04-05,2583814,0.0198,563,Yes
vid_585,Movie Trailer 585,6935877,526784,60438,2025-01-22,3770457,0.136,99,Yes
vid_586,Movie Trailer 586,9815685,84182,22750,2024-06-12,1207751,0.0575,434,Yes
vid_587,Movie Trailer 587,5977106,936733,59363,2024-12-15,954692,0.145,546,Yes
vid_588,Movie Trailer 588,5128922,128422,90363,2025-01-27,218770,0.1317,149,Yes
vid_589,Movie Trailer 589,7187545,657051,56542,2025-02-10,4100906,0.1814,246,Yes
vid_590,Movie Trailer 590,5132783,11403,16062,2025-03-08,4837917,0.1748,85,No
vid_591,Movie Trailer 591,5538983,161733,47086,2025-05-10,6970129,0.0673,395,Yes
vid_592,Movie Trailer 592,170775,333963,53430,2025-04-29,5911184,0.117,533,Yes
vid_593,Movie Trailer 593,7359369,249790,681,2025-01-17,6083199,0.0291,484,Yes
vid_594,Movie Trailer 594,2677867,784208,173,2024-09-21,5302533,0.0706,133,Yes
vid_595,Movie Trailer 595,9961907,99716,41434,2024-07-14,1791008,0.1936,106,No
vid_596,Movie Trailer 596,6665623,910697,53754,2025-04-15,1827525,0.14,259,Yes
vid_597,Movie Trailer 597,7696841,86331,70341,2024-10-01,4514070,0.079,287,Yes
vid_598,Movie Trailer 598,6988737,269558,10644,2024-10-22,9728138,0.1194,293,Yes
vid_599,Movie Trailer 599,1354027,19723,4808,2024-07-04,7418874,0.1877,360,Yes
vid_600,Movie Trailer 600,4176500,723135,22430,2024-08-01,6152537,0.0626,211,Yes
vid_601,Movie Trailer 601,7477048,490142,29310,2025-02-12,4467951,0.076,579,No
vid_602,Movie Trailer 602,9189875,458398,89891,2024-05-31,1479768,0.1585,56,No
vid_603,Movie Trailer 603,7894479,476940,10759,2024-11-07,7090478,0.1628,305,No
vid_604,Movie Trailer 604,507562,105328,25131,2024-09-11,9954821,0.1344,328,Yes
vid_605,Movie Trailer 605,4588238,426446,37497,2024-10-30,5125674,0.166,120,No
vid_606,Movie Trailer 606,4047776,707216,93957,2025-01-18,8327435,0.148,509,Yes
vid_607,Movie Trailer 607,4020912,884156,33371,2025-03-08,9077760,0.1374,487,Yes
vid_608,Movie Trailer 608,4521732,681752,21233,2024-06-21,403980,0.1058,480,No
vid_609,Movie Trailer 609,5572067,898317,72940,2024-06-04,9427944,0.1296,394,Yes
vid_610,Movie Trailer 610,5247196,520647,14066,2025-05-20,9558540,0.0853,380,Yes
vid_611,Movie Trailer 611,4895211,872738,28390,2025-03-29,7558260,0.073,429,No
vid_612,Movie Trailer 612,6136319,69374,26045,2024-10-17,6933667,0.0732,282,Yes
vid_613,Movie Trailer 613,1610396,133641,30630,2025-01-30,9838695,0.0369,488,Yes
vid_614,Movie Trailer 614,3321149,54047,19887,2025-02-21,2532528,0.0436,528,Yes
vid_615,Movie Trailer 615,8521010,677994,55326,2024-05-31,2109542,0.1896,537,No
vid_616,Movie Trailer 616,9565196,194792,64051,2024-08-30,6923496,0.0978,333,No
vid_617,Movie Trailer 617,2506081,48974,53362,2024-09-27,9327243,0.0461,530,No
vid_618,Movie Trailer 618,585278,574096,30921,2025-04-27,3503626,0.0284,195,Yes
vid_619,Movie Trailer 619,5197480,74653,32794,2024-08-10,1387689,0.0164,444,Yes
vid_620,Movie Trailer 620,1188049,592732,3201,2025-01-15,2847230,0.169,491,Yes
vid_621,Movie Trailer 621,3090201,835670,33170,2025-03-21,2119433,0.0211,143,Yes
vid_622,Movie Trailer 622,7146029,709762,90546,2024-10-01,5554535,0.1544,462,Yes
vid_623,Movie Trailer 623,3474442,572026,64651,2025-03-15,3679621,0.1672,385,Yes
vid_624,Movie Trailer 624,9673340,78349,49733,2024-09-27,4557766,0.1769,236,Yes
vid_625,Movie Trailer 625,3324692,892397,3641,2024-06-15,6228018,0.0085,264,No
vid_626,Movie Trailer 626,4729607,527107,6182,2024-08-24,5001546,0.068,471,Yes
vid_627,Movie Trailer 627,6295088,678350,42090,2024-08-09,9687599,0.1535,384,Yes
vid_628,Movie Trailer 628,1120389,470552,89107,2024-07-22,6972138,0.0271,544,Yes
vid_629,Movie Trailer 629,8426320,429825,90363,2024-12-11,8608009,0.076,237,No
vid_630,Movie Trailer 630,3922942,42634,20291,2024-10-08,9374740,0.0333,154,No
vid_631,Movie Trailer 631,8511424,495618,28681,2024-07-13,8548900,0.1664,167,No
vid_632,Movie Trailer 632,7478810,616629,51441,2024-09-06,7546189,0.1544,368,No
vid_633,Movie Trailer 633,1645156,412103,90910,2024-10-16,8853545,0.162,566,Yes
vid_634,Movie Trailer 634,8533838,126309,92971,2024-08-15,2682206,0.0339,97,Yes
vid_635,Movie Trailer 635,5011045,442161,28612,2024-10-06,9581705,0.0881,570,Yes
vid_636,Movie Trailer 636,4473418,189104,88799,2025-03-02,6644433,0.0828,412,Yes
vid_637,Movie Trailer 637,9781802,616512,51409,2024-09-21,188771,0.1356,48,Yes
vid_638,Movie Trailer 638,4355760,616047,23482,2024-10-04,238199,0.0483,479,Yes
vid_639,Movie Trailer 639,7163768,164234,49240,2025-01-10,7291213,0.0894,103,No
vid_640,Movie Trailer 640,3261298,75813,73626,2025-01-16,2858281,0.0577,305,No
vid_641,Movie Trailer 641,4475150,742723,7109,2024-06-30,2275316,0.15,77,No
vid_642,Movie Trailer 642,8399012,489072,25441,2025-01-01,9972822,0.0903,240,No
vid_643,Movie Trailer 643,7259903,978065,56502,2024-08-29,752518,0.1073,569,No
vid_644,Movie Trailer 644,4907590,75518,96732,2024-09-16,8228323,0.0626,220,Yes
vid_645,Movie Trailer 645,6199573,984276,47694,2024-07-06,514313,0.1619,344,Yes
vid_646,Movie Trailer 646,1333483,128332,30121,2025-01-20,2333214,0.0943,592,No
vid_647,Movie Trailer 647,1732320,952436,63946,2025-01-02,5082820,0.1672,591,No
vid_648,Movie Trailer 648,2342517,520651,22624,2024-10-09,5267662,0.0742,142,Yes
vid_649,Movie Trailer 649,3206340,163138,92270,2025-04-13,9043832,0.1895,199,No
vid_650,Movie Trailer 650,8561881,990149,42001,2024-05-22,2251397,0.1969,497,Yes
vid_651,Movie Trailer 651,5397408,930591,70486,2024-12-27,8292860,0.0929,43,Yes
vid_652,Movie Trailer 652,5702493,168483,60930,2025-01-22,8844026,0.0571,317,No
vid_653,Movie Trailer 653,8257752,818107,94304,2025-01-03,7727360,0.077,218,Yes
vid_654,Movie Trailer 654,1097341,326096,63540,2024-12-02,7847613,0.106,184,Yes
vid_655,Movie Trailer 655,6205200,258822,36234,2024-12-10,1473542,0.1933,596,Yes
vid_656,Movie Trailer 656,3987266,132179,7798,2024-08-19,8334648,0.1636,500,No
vid_657,Movie Trailer 657,5568956,202153,28092,2025-04-11,4474014,0.1605,104,Yes
vid_658,Movie Trailer 658,3041756,600630,89580,2025-03-13,563621,0.0285,306,No
vid_659,Movie Trailer 659,853523,178689,76826,2025-03-06,3530801,0.0508,372,Yes
vid_660,Movie Trailer 660,8944845,503338,83598,2025-01-24,4809163,0.1286,454,Yes
vid_661,Movie Trailer 661,4050479,29357,16541,2024-11-07,6285851,0.1749,540,No
vid_662,Movie Trailer 662,102193,480588,88350,2024-06-01,1599099,0.1114,211,Yes
vid_663,Movie Trailer 663,1196887,435523,94449,2025-03-05,9601177,0.0214,487,No
vid_664,Movie Trailer 664,8906761,144453,44867,2024-05-26,1196885,0.1693,93,Yes
vid_665,Movie Trailer 665,3344817,323490,10152,2025-02-02,9545691,0.1704,289,No
vid_666,Movie Trailer 666,2725514,263679,48365,2025-04-20,3899190,0.0577,222,Yes
vid_667,Movie Trailer 667,2668571,230047,9876,2024-10-22,7387133,0.1529,435,Yes
vid_668,Movie Trailer 668,4844357,231858,70077,2024-10-26,3389445,0.0553,122,Yes
vid_669,Movie Trailer 669,7112173,615745,64037,2024-12-04,2743974,0.1812,459,Yes
vid_670,Movie Trailer 670,4902472,157832,57916,2024-08-18,9668788,0.0303,463,No
vid_671,Movie Trailer 671,491680,922688,28148,2024-09-26,8198590,0.0881,433,Yes
vid_672,Movie Trailer 672,5175679,999801,92611,2024-10-22,8183535,0.1893,463,Yes
vid_673,Movie Trailer 673,6190142,931111,29966,2025-04-21,8067513,0.0452,141,Yes
vid_674,Movie Trailer 674,5297118,728055,76305,2025-02-06,2585182,0.0908,404,Yes
vid_675,Movie Trailer 675,4110673,608195,5449,2024-10-19,4364089,0.0706,88,No
vid_676,Movie Trailer 676,1544026,438855,47251,2024-11-04,2798921,0.0063,72,Yes
vid_677,Movie Trailer 677,8714434,902485,42543,2024-07-27,8658768,0.0116,236,No
vid_678,Movie Trailer 678,3477366,138663,28280,2024-05-31,442904,0.1009,325,No
vid_679,Movie Trailer 679,337359,783166,78825,2025-05-12,5071414,0.0479,147,No
vid_680,Movie Trailer 680,327537,506147,39289,2024-08-01,5093792,0.1989,561,Yes
vid_681,Movie Trailer 681,6963757,705652,23898,2024-11-09,579526,0.0756,251,No
vid_682,Movie Trailer 682,560222,997999,17640,2024-09-20,6613208,0.0066,195,No
vid_683,Movie Trailer 683,4985026,910329,61073,2025-05-19,7588676,0.1862,185,No
vid_684,Movie Trailer 684,7805134,326132,35154,2024-11-23,838393,0.168,213,Yes
vid_685,Movie Trailer 685,2583619,597997,52171,2024-12-21,5135544,0.1303,119,No
vid_686,Movie Trailer 686,2463752,795609,96728,2024-11-04,815422,0.1585,123,No
vid_687,Movie Trailer 687,9762741,772900,91084,2024-10-20,5306431,0.0284,42,No
vid_688,Movie Trailer 688,7275760,254073,77370,2024-08-20,9124591,0.0581,467,Yes
vid_689,Movie Trailer 689,1363038,283197,50989,2024-08-16,2264429,0.1661,567,Yes
vid_690,Movie Trailer 690,8649483,994523,97671,2024-07-18,3136812,0.1395,179,No
vid_691,Movie Trailer 691,4667693,376926,6989,2025-01-30,2939687,0.0286,37,Yes
vid_692,Movie Trailer 692,4274694,514357,26199,2024-09-15,5154435,0.1414,58,No
vid_693,Movie Trailer 693,717689,854421,42610,2025-01-30,1417842,0.0903,325,Yes
vid_694,Movie Trailer 694,1306516,679281,59570,2025-01-03,3690024,0.002,369,Yes
vid_695,Movie Trailer 695,9955225,430883,78050,2024-10-11,4397650,0.0168,468,Yes
vid_696,Movie Trailer 696,3473351,115474,61568,2024-09-16,3703418,0.0519,173,Yes
vid_697,Movie Trailer 697,9663648,549248,86215,2025-05-08,3642771,0.1672,548,No
vid_698,Movie Trailer 698,1864971,676655,6920,2024-11-04,6429099,0.1102,74,No
vid_699,Movie Trailer 699,9048807,601863,57723,2024-12-01,4080441,0.1457,268,No
vid_700,Movie Trailer 700,1859396,484190,46867,2024-06-14,5357430,0.106,184,Yes
vid_701,Movie Trailer 701,2701276,873798,34974,2024-06-09,6776602,0.0231,210,No
vid_702,Movie Trailer 702,9027469,676887,85677,2024-10-27,961652,0.0583,244,No
vid_703,Movie Trailer 703,2536954,887264,25237,2025-02-27,2189370,0.0609,117,Yes
vid_704,Movie Trailer 704,6559546,289327,5988,2024-09-25,9938093,0.0105,285,Yes
vid_705,Movie Trailer 705,8017407,742506,87537,2025-03-18,9956951,0.0845,540,No
vid_706,Movie Trailer 706,7395034,843904,17163,2024-07-08,6986945,0.159,102,No
vid_707,Movie Trailer 707,7073410,648174,59775,2024-08-22,9145220,0.092,208,No
vid_708,Movie Trailer 708,9060222,961668,99094,2025-05-09,3995528,0.0231,241,Yes
vid_709,Movie Trailer 709,8011482,532201,39081,2024-11-02,2077475,0.1811,263,No
vid_710,Movie Trailer 710,9065605,31698,69529,2024-07-23,2142912,0.1198,494,Yes
vid_711,Movie Trailer 711,1082647,506034,9513,2024-08-07,3145311,0.0043,252,Yes
vid_712,Movie Trailer 712,1641107,782339,60713,2024-06-17,286622,0.1036,293,Yes
vid_713,Movie Trailer 713,9427063,617494,64389,2025-05-09,1963889,0.0491,236,Yes
vid_714,Movie Trailer 714,5116563,289326,95467,2025-04-10,1397436,0.0296,395,Yes
vid_715,Movie Trailer 715,8244679,815773,57876,2024-06-27,9057148,0.0864,305,Yes
vid_716,Movie Trailer 716,6473768,227386,16915,2024-10-15,2196690,0.1233,409,No
vid_717,Movie Trailer 717,9704402,437885,45848,2025-03-14,9977844,0.0489,338,No
vid_718,Movie Trailer 718,5616594,11845,58289,2024-09-28,5171080,0.0839,297,Yes
vid_719,Movie Trailer 719,1960367,812561,89499,2025-02-18,4706815,0.1332,93,No
vid_720,Movie Trailer 720,1920705,144197,26816,2025-04-27,2983410,0.018,379,Yes
vid_721,Movie Trailer 721,1611596,232832,45010,2025-01-09,6675192,0.195,523,Yes
vid_722,Movie Trailer 722,3801481,909927,22178,2024-11-09,1405355,0.0145,552,No
vid_723,Movie Trailer 723,5133122,669748,70129,2024-12-06,5057093,0.1057,127,Yes
vid_724,Movie Trailer 724,7767202,613574,38724,2025-02-03,2465722,0.102,100,Yes
vid_725,Movie Trailer 725,6358564,924144,54103,2024-10-02,6560442,0.1977,393,Yes
vid_726,Movie Trailer 726,4160276,884300,55429,2024-12-06,5631761,0.1113,599,Yes
vid_727,Movie Trailer 727,5733601,213130,49155,2024-12-01,2902092,0.0787,305,No
vid_728,Movie Trailer 728,5364075,724338,77435,2024-11-09,9912142,0.0946,79,Yes
vid_729,Movie Trailer 729,5289548,566234,92959,2024-12-31,1723907,0.1275,387,Yes
vid_730,Movie Trailer 730,2392357,338176,77821,2024-10-19,2871574,0.1962,593,Yes
vid_731,Movie Trailer 731,7914069,148654,2471,2025-01-13,6883799,0.0515,514,No
vid_732,Movie Trailer 732,2255131,285655,14301,2025-04-11,7953017,0.0042,113,Yes
vid_733,Movie Trailer 733,4256049,444291,46814,2024-09-24,6922983,0.1579,325,No
vid_734,Movie Trailer 734,8490473,453861,76981,2025-05-13,6527925,0.0696,265,Yes
vid_735,Movie Trailer 735,5465770,505618,93481,2024-08-19,5366986,0.1469,85,Yes
vid_736,Movie Trailer 736,1082200,341041,64956,2025-04-26,6760291,0.126,389,Yes
vid_737,Movie Trailer 737,2916158,314551,98999,2024-11-24,8344528,0.1545,139,Yes
vid_738,Movie Trailer 738,1232869,920697,84090,2025-01-28,5533388,0.1473,221,Yes
vid_739,Movie Trailer 739,3135354,994862,61342,2024-06-24,8021364,0.0672,122,Yes
vid_740,Movie Trailer 740,9828159,284286,77804,2025-04-17,7452747,0.0098,597,No
vid_741,Movie Trailer 741,4792883,577318,30851,2024-06-23,3882857,0.1097,89,Yes
vid_742,Movie Trailer 742,6511632,773044,48768,2025-05-02,4538871,0.1629,68,No
vid_743,Movie Trailer 743,9312640,437729,76282,2025-05-07,292464,0.0358,569,Yes
vid_744,Movie Trailer 744,3992588,768847,37653,2025-01-16,4740400,0.156,78,Yes
vid_745,Movie Trailer 745,8093123,224795,50418,2025-02-09,119581,0.0935,449,Yes
vid_746,Movie Trailer 746,9966046,884415,43960,2025-05-12,5371807,0.1394,42,No
vid_747,Movie Trailer 747,6170686,296000,56859,2024-07-08,3853256,0.1267,65,Yes
vid_748,Movie Trailer 748,9316167,53368,28054,2025-03-05,8728148,0.1625,130,Yes
vid_749,Movie Trailer 749,645605,432530,16007,2025-01-20,502590,0.0136,115,Yes
vid_750,Movie Trailer 750,7489821,213043,79761,2025-03-19,9808020,0.1555,545,Yes
vid_751,Movie Trailer 751,4593897,783304,98615,2024-09-22,3361492,0.0921,252,Yes
vid_752,Movie Trailer 752,9213739,421918,23921,2024-06-14,873328,0.0594,367,Yes
vid_753,Movie Trailer 753,7423718,708791,55543,2025-03-25,4810479,0.0097,195,Yes
vid_754,Movie Trailer 754,77661,573289,82576,2024-08-07,3111691,0.0407,412,Yes
vid_755,Movie Trailer 755,6869991,362230,94880,2025-01-31,1359097,0.0093,405,No
vid_756,Movie Trailer 756,7595153,194588,14581,2024-09-26,8314157,0.1867,500,Yes
vid_757,Movie Trailer 757,5924988,687656,94473,2024-05-29,1295315,0.1036,60,Yes
vid_758,Movie Trailer 758,6568221,390630,57951,2025-01-11,6088595,0.1978,404,Yes
vid_759,Movie Trailer 759,1317506,792158,58015,2024-11-15,2576508,0.1091,40,No
vid_760,Movie Trailer 760,2911614,662884,86260,2025-02-26,9747919,0.0514,331,Yes
vid_761,Movie Trailer 761,2976422,799389,58722,2024-07-16,4511784,0.1509,125,Yes
vid_762,Movie Trailer 762,3718654,241631,43551,2024-07-16,9679075,0.039,219,Yes
vid_763,Movie Trailer 763,7325436,246793,23397,2025-03-25,165074,0.072,482,Yes
vid_764,Movie Trailer 764,128033,937586,93990,2025-02-28,2571466,0.1564,221,Yes
vid_765,Movie Trailer 765,9028873,994565,48918,2024-12-14,9180253,0.1733,515,No
vid_766,Movie Trailer 766,5882354,919584,85467,2025-03-28,3288093,0.0671,295,No
vid_767,Movie Trailer 767,1225502,703750,13067,2024-07-30,1018481,0.0258,453,No
vid_768,Movie Trailer 768,9820404,550819,64038,2025-05-09,3595804,0.0742,157,Yes
vid_769,Movie Trailer 769,2329049,871508,55741,2024-12-14,8452115,0.178,267,Yes
vid_770,Movie Trailer 770,6302518,238460,24868,2024-08-01,9495318,0.1489,384,Yes
vid_771,Movie Trailer 771,7597768,344955,48699,2024-06-10,2339377,0.179,141,Yes
vid_772,Movie Trailer 772,3730464,507503,44648,2024-11-11,807564,0.0779,475,Yes
vid_773,Movie Trailer 773,2202614,26485,91608,2024-10-31,3919949,0.1948,372,No
vid_774,Movie Trailer 774,780173,431474,46496,2025-02-10,6048511,0.0997,174,Yes
vid_775,Movie Trailer 775,5652264,416335,20577,2025-04-14,9999081,0.1,94,Yes
vid_776,Movie Trailer 776,477010,280883,29749,2024-07-23,738954,0.1849,276,Yes
vid_777,Movie Trailer 777,1665016,85630,57814,2024-06-03,2909056,0.1043,519,Yes
vid_778,Movie Trailer 778,4231038,755371,3764,2024-07-05,7841130,0.1604,468,Yes
vid_779,Movie Trailer 779,9322483,283807,27054,2025-01-18,8358998,0.1457,135,No
vid_780,Movie Trailer 780,8386430,956945,67270,2025-03-31,9096781,0.0167,210,Yes
vid_781,Movie Trailer 781,3890993,377916,66922,2024-05-31,5935261,0.1209,213,No
vid_782,Movie Trailer 782,2578103,923380,8716,2024-12-19,4511579,0.1646,255,No
vid_783,Movie Trailer 783,8479872,429760,8904,2024-06-06,9069055,0.1095,118,No
vid_784,Movie Trailer 784,8421883,986520,18047,2024-07-19,9451012,0.0649,559,Yes
vid_785,Movie Trailer 785,6492532,402027,83996,2025-03-22,7564493,0.0169,400,Yes
vid_786,Movie Trailer 786,5206467,729778,81952,2024-08-06,2536232,0.1325,428,Yes
vid_787,Movie Trailer 787,5962793,345214,51622,2025-05-01,7705694,0.062,135,No
vid_788,Movie Trailer 788,8971343,243473,29735,2024-11-26,2379907,0.1209,300,Yes
vid_789,Movie Trailer 789,2010609,347797,5936,2024-08-23,6991607,0.0858,532,No
vid_790,Movie Trailer 790,9311434,161879,9506,2024-10-15,4533688,0.1383,554,Yes
vid_791,Movie Trailer 791,2707143,170282,56457,2024-06-18,7580751,0.071,61,Yes
vid_792,Movie Trailer 792,9261130,717248,29816,2024-11-14,7134131,0.0094,422,Yes
vid_793,Movie Trailer 793,9202300,607267,88209,2025-04-17,2364162,0.1741,69,Yes
vid_794,Movie Trailer 794,9559765,956431,41331,2024-09-05,4882909,0.0712,247,Yes
vid_795,Movie Trailer 795,1324532,238360,65105,2024-06-25,5681820,0.1996,111,No
vid_796,Movie Trailer 796,431240,923259,22666,2024-11-29,9304721,0.0556,230,No
vid_797,Movie Trailer 797,954789,831391,55157,2025-05-16,2693794,0.196,476,No
vid_798,Movie Trailer 798,2223573,971229,91406,2024-10-19,2346704,0.1896,457,No
vid_799,Movie Trailer 799,8924501,838630,49676,2024-09-14,8812940,0.0159,67,No
vid_800,Movie Trailer 800,2265363,670711,82378,2025-03-29,8221038,0.1279,240,Yes
vid_801,Movie Trailer 801,8385741,646801,38797,2024-10-13,8278983,0.0733,473,No
vid_802,Movie Trailer 802,5066861,787058,62956,2024-11-18,293575,0.1604,356,Yes
vid_803,Movie Trailer 803,6446446,331004,21737,2024-07-01,1460700,0.1362,256,Yes
vid_804,Movie Trailer 804,4158887,47937,95091,2024-09-29,8418944,0.1906,77,No
vid_805,Movie Trailer 805,9605702,518449,68066,2024-05-25,3202078,0.0294,47,Yes
vid_806,Movie Trailer 806,9067014,784938,3091,2025-03-05,2608622,0.1219,468,Yes
vid_807,Movie Trailer 807,3678866,798068,34206,2024-10-12,1887963,0.1565,216,Yes
vid_808,Movie Trailer 808,4622338,552929,36745,2025-02-21,5305120,0.0079,374,Yes
vid_809,Movie Trailer 809,1043255,79183,80112,2024-08-28,2773605,0.0144,253,No
vid_810,Movie Trailer 810,7092212,968631,79588,2024-06-23,1448947,0.1559,517,Yes
vid_811,Movie Trailer 811,8212787,558919,25508,2025-01-04,5814775,0.0739,258,Yes
vid_812,Movie Trailer 812,4999847,270956,76875,2024-07-11,7243447,0.0772,419,Yes
vid_813,Movie Trailer 813,8939285,366345,31666,2024-08-20,8279499,0.1139,217,Yes
vid_814,Movie Trailer 814,7653603,851987,67705,2024-09-17,6473652,0.1214,299,No
vid_815,Movie Trailer 815,3104235,599132,37910,2024-09-26,6607470,0.1361,339,Yes
vid_816,Movie Trailer 816,9570067,777247,84909,2024-10-11,1499339,0.1898,161,Yes
vid_817,Movie Trailer 817,5996126,654137,47711,2024-07-23,677296,0.075,580,No
vid_818,Movie Trailer 818,2869653,791641,19043,2025-01-05,380039,0.1529,101,No
vid_819,Movie Trailer 819,397952,835800,10815,2024-12-08,529714,0.1152,216,No
vid_820,Movie Trailer 820,1040117,756197,35861,2025-01-17,7036655,0.1064,515,No
vid_821,Movie Trailer 821,2906818,841147,26842,2025-04-08,8369352,0.0802,220,Yes
vid_822,Movie Trailer 822,2367821,606891,63447,2024-12-31,2912190,0.1303,451,Yes
vid_823,Movie Trailer 823,8923742,254446,13954,2024-10-04,8942047,0.0507,149,Yes
vid_824,Movie Trailer 824,5594263,947363,19883,2025-01-18,4143535,0.0236,249,No
vid_825,Movie Trailer 825,254761,610096,40382,2024-09-27,274452,0.1474,82,Yes
vid_826,Movie Trailer 826,8396180,715572,89474,2024-08-04,9168491,0.1003,480,Yes
vid_827,Movie Trailer 827,74323,626859,15389,2024-07-14,4372047,0.078,441,Yes
vid_828,Movie Trailer 828,1247715,778613,36761,2024-06-14,7185872,0.1128,266,Yes
vid_829,Movie Trailer 829,8050979,157761,89832,2024-11-09,2190921,0.0531,435,Yes
vid_830,Movie Trailer 830,964480,685475,5120,2024-12-01,7428297,0.0528,451,No
vid_831,Movie Trailer 831,6691134,160181,54351,2025-05-08,3199156,0.0898,276,Yes
vid_832,Movie Trailer 832,864016,869841,12097,2024-09-11,5802038,0.1993,101,No
vid_833,Movie Trailer 833,5357417,388690,23772,2024-12-07,4823139,0.0578,214,No
vid_834,Movie Trailer 834,9263517,717506,82627,2025-02-18,4955582,0.1834,35,Yes
vid_835,Movie Trailer 835,5819701,893193,9606,2024-09-15,763371,0.0987,235,Yes
vid_836,Movie Trailer 836,9449101,681603,18323,2025-02-03,3258945,0.0254,573,Yes
vid_837,Movie Trailer 837,8681370,6254,66559,2024-11-22,8280143,0.1707,416,Yes
vid_838,Movie Trailer 838,2893427,677264,23715,2025-01-10,5662064,0.091,105,No
vid_839,Movie Trailer 839,1426012,959292,67374,2024-11-29,3769950,0.1798,206,Yes
vid_840,Movie Trailer 840,5762810,64388,73455,2024-12-30,143980,0.0896,378,Yes
vid_841,Movie Trailer 841,581650,51295,78655,2024-07-21,6501785,0.0185,284,Yes
vid_842,Movie Trailer 842,4486576,282825,2033,2024-05-28,258354,0.1367,337,No
vid_843,Movie Trailer 843,8784533,445964,59806,2025-01-01,7864438,0.1693,374,No
vid_844,Movie Trailer 844,2873793,292331,80083,2024-08-11,5955075,0.0646,156,No
vid_845,Movie Trailer 845,4919047,705390,92207,2025-05-17,7973368,0.0701,316,No
vid_846,Movie Trailer 846,6891289,164153,64439,2024-08-31,2236883,0.0139,516,Yes
vid_847,Movie Trailer 847,7432212,593686,61637,2025-02-14,765265,0.1089,412,No
vid_848,Movie Trailer 848,3767974,832699,33858,2025-04-09,6631840,0.1784,435,Yes
vid_849,Movie Trailer 849,8801689,730764,37814,2025-01-19,5669889,0.1704,417,No
vid_850,Movie Trailer 850,7221179,436724,15389,2024-10-26,309617,0.1427,554,No
vid_851,Movie Trailer 851,8777500,39599,59674,2024-09-14,745748,0.1855,586,Yes
vid_852,Movie Trailer 852,4209591,388060,27776,2024-08-11,5088692,0.1279,305,No
vid_853,Movie Trailer 853,5510545,445585,68109,2025-01-19,735275,0.1589,529,No
vid_854,Movie Trailer 854,8301923,694019,36070,2024-06-03,6215638,0.1022,366,Yes
vid_855,Movie Trailer 855,3164240,245298,94743,2024-09-21,9687427,0.0252,510,No
vid_856,Movie Trailer 856,9055310,467635,69132,2024-06-26,9423794,0.041,302,Yes
vid_857,Movie Trailer 857,7806324,767385,16097,2024-05-23,8988114,0.0286,87,Yes
vid_858,Movie Trailer 858,8122074,620735,48878,2024-09-13,5440296,0.1583,357,Yes
vid_859,Movie Trailer 859,2200222,311031,23235,2024-10-05,6195224,0.0062,138,Yes
vid_860,Movie Trailer 860,2729269,297732,95296,2025-05-14,8946326,0.1113,308,No
vid_861,Movie Trailer 861,7245574,336685,6653,2025-04-05,6025293,0.0744,357,No
vid_862,Movie Trailer 862,5682354,730123,93069,2024-12-23,6194367,0.1609,344,No
vid_863,Movie Trailer 863,5215597,22531,36737,2025-01-29,9986461,0.1108,503,Yes
vid_864,Movie Trailer 864,5294958,323925,11015,2024-10-27,5319331,0.1228,140,No
vid_865,Movie Trailer 865,796667,194655,65707,2024-06-02,8742022,0.0182,258,Yes
vid_866,Movie Trailer 866,9752257,647108,16039,2025-01-18,2964944,0.0625,526,No
vid_867,Movie Trailer 867,1722503,573541,14236,2024-12-17,3949401,0.1999,185,Yes
vid_868,Movie Trailer 868,3619736,268612,63656,2024-06-17,125932,0.1441,502,Yes
vid_869,Movie Trailer 869,8070833,945028,60613,2024-07-29,5235259,0.1056,301,No
vid_870,Movie Trailer 870,6648155,898892,28741,2024-11-15,8657691,0.1541,31,Yes
vid_871,Movie Trailer 871,1394418,176176,68936,2024-09-22,6851807,0.1648,540,Yes
vid_872,Movie Trailer 872,396594,219824,6007,2024-08-12,6281757,0.0157,315,Yes
vid_873,Movie Trailer 873,2879760,899287,55516,2024-08-24,6785672,0.1945,42,Yes
vid_874,Movie Trailer 874,1102501,581373,78239,2024-11-27,3878809,0.1288,527,Yes
vid_875,Movie Trailer 875,5248331,836601,49825,2024-10-17,4877709,0.0905,267,Yes
vid_876,Movie Trailer 876,8535631,314570,42102,2024-08-14,9948034,0.1363,123,Yes
vid_877,Movie Trailer 877,1145964,633125,62549,2024-12-04,2593316,0.0696,367,Yes
vid_878,Movie Trailer 878,9882232,736521,66087,2024-11-23,5896725,0.1757,200,No
vid_879,Movie Trailer 879,2165748,678858,21827,2024-05-28,8678828,0.1563,596,Yes
vid_880,Movie Trailer 880,3935282,753853,37871,2024-10-02,5439757,0.1283,496,No
vid_881,Movie Trailer 881,883172,50961,13438,2025-01-04,9784893,0.0372,172,No
vid_882,Movie Trailer 882,8920852,338141,43944,2024-12-17,2665749,0.1933,230,Yes
vid_883,Movie Trailer 883,5665378,213077,10268,2025-01-14,6729926,0.0871,209,No
vid_884,Movie Trailer 884,4883594,651506,57785,2025-01-24,4000453,0.1822,393,No
vid_885,Movie Trailer 885,4073309,855109,81590,2025-03-22,9796586,0.012,508,No
vid_886,Movie Trailer 886,6951245,721101,94957,2025-02-13,7247813,0.0257,594,Yes
vid_887,Movie Trailer 887,9461244,9178,5479,2024-12-12,2922989,0.0315,500,Yes
vid_888,Movie Trailer 888,7827304,942607,28864,2025-03-22,985156,0.0338,413,No
vid_889,Movie Trailer 889,839735,325012,6266,2024-08-21,3714543,0.0652,446,No
vid_890,Movie Trailer 890,7031862,575435,76266,2024-06-03,9253267,0.1422,337,No
vid_891,Movie Trailer 891,8361245,858158,33947,2025-02-17,1204920,0.0699,396,Yes
vid_892,Movie Trailer 892,5292591,844192,99144,2025-02-13,3109591,0.1882,30,No
vid_893,Movie Trailer 893,7493058,759846,1661,2025-02-01,748852,0.1791,73,No
vid_894,Movie Trailer 894,2572469,967390,50298,2024-09-17,9546226,0.1693,127,Yes
vid_895,Movie Trailer 895,3096176,395241,84740,2025-01-01,5297990,0.0509,294,Yes
vid_896,Movie Trailer 896,6519590,215148,25061,2024-07-25,6929655,0.1274,169,Yes
vid_897,Movie Trailer 897,5355854,760681,27396,2024-08-27,9497418,0.1106,510,No
vid_898,Movie Trailer 898,7500200,642220,75064,2024-07-21,9201891,0.0259,266,No
vid_899,Movie Trailer 899,4893680,916938,16194,2024-12-29,1822367,0.0613,101,No
vid_900,Movie Trailer 900,3691262,649538,33797,2025-04-01,3373863,0.1072,219,Yes
vid_901,Movie Trailer 901,4643078,157187,21631,2025-02-12,2900033,0.101,297,Yes
vid_902,Movie Trailer 902,2619089,33420,75574,2024-12-22,1579315,0.0346,350,Yes
vid_903,Movie Trailer 903,2518749,327125,77994,2025-01-26,7428210,0.1884,136,Yes
vid_904,Movie Trailer 904,924228,615215,59802,2024-11-19,8299852,0.0317,261,No
vid_905,Movie Trailer 905,963959,513387,45263,2025-02-20,6094073,0.1321,71,No
vid_906,Movie Trailer 906,7915477,364459,34061,2024-12-19,1350590,0.1444,168,No
vid_907,Movie Trailer 907,3379538,943893,49821,2025-05-15,5367645,0.1214,302,No
vid_908,Movie Trailer 908,355266,260031,30457,2024-05-25,5630905,0.1687,510,Yes
vid_909,Movie Trailer 909,9937209,920993,83940,2024-08-22,3046529,0.1132,445,Yes
vid_910,Movie Trailer 910,4547358,943287,30264,2025-03-19,5441107,0.1652,535,No
vid_911,Movie Trailer 911,9506563,406945,84055,2025-01-02,7104260,0.0066,453,No
vid_912,Movie Trailer 912,6877100,848082,57428,2025-04-29,7082530,0.01,436,Yes
vid_913,Movie Trailer 913,5285034,549214,14482,2025-04-25,9859401,0.1286,597,Yes
vid_914,Movie Trailer 914,7563974,100834,3481,2024-08-12,2898706,0.1158,419,Yes
vid_915,Movie Trailer 915,9813005,157802,95814,2024-12-24,8283356,0.1306,371,No
vid_916,Movie Trailer 916,6107091,754222,8339,2024-05-30,3202473,0.1536,522,Yes
vid_917,Movie Trailer 917,3187993,177335,34875,2025-03-19,9488265,0.0839,221,Yes
vid_918,Movie Trailer 918,7715092,98611,46860,2024-06-30,9315823,0.1282,528,Yes
vid_919,Movie Trailer 919,7593354,984039,54230,2024-09-13,6508660,0.1001,262,Yes
vid_920,Movie Trailer 920,3141209,273897,93818,2025-03-31,1450991,0.1258,256,No
vid_921,Movie Trailer 921,9622128,683421,6407,2025-05-16,6040523,0.0586,400,Yes
vid_922,Movie Trailer 922,5823365,606329,97919,2024-08-02,5354966,0.1914,168,No
vid_923,Movie Trailer 923,4067893,729597,35535,2024-12-28,6748741,0.0971,178,No
vid_924,Movie Trailer 924,5701276,820194,53082,2024-09-24,5169554,0.1611,144,No
vid_925,Movie Trailer 925,5407662,98918,90116,2024-09-19,425528,0.1373,479,Yes
vid_926,Movie Trailer 926,9838366,974050,83830,2024-10-09,7991001,0.0602,92,No
vid_927,Movie Trailer 927,1815468,152460,84540,2024-11-29,9001789,0.0155,133,Yes
vid_928,Movie Trailer 928,3437975,778015,23294,2025-02-17,6451219,0.0129,302,No
vid_929,Movie Trailer 929,6366228,619469,61340,2025-04-26,1651824,0.0885,35,No
vid_930,Movie Trailer 930,8524716,561265,83379,2025-01-13,5266481,0.0974,176,Yes
vid_931,Movie Trailer 931,5535633,373806,25132,2024-09-20,6703692,0.0416,213,Yes
vid_932,Movie Trailer 932,2090154,932917,70563,2025-03-25,8528835,0.1217,57,Yes
vid_933,Movie Trailer 933,2254702,212057,81916,2025-04-19,1774055,0.0632,579,Yes
vid_934,Movie Trailer 934,3387778,72815,94798,2024-10-29,5193859,0.144,148,Yes
vid_935,Movie Trailer 935,5745193,141498,62822,2024-09-13,9081745,0.1471,322,Yes
vid_936,Movie Trailer 936,7736890,634479,8009,2025-04-15,282854,0.1723,400,Yes
vid_937,Movie Trailer 937,5907498,519152,22446,2024-07-31,6663314,0.1951,273,Yes
vid_938,Movie Trailer 938,8367956,132732,42973,2024-07-04,5831395,0.027,247,Yes
vid_939,Movie Trailer 939,8214298,865680,2106,2024-06-05,9049935,0.0747,206,Yes
vid_940,Movie Trailer 940,8786957,83286,25289,2025-04-25,1658153,0.1128,328,Yes
vid_941,Movie Trailer 941,9461337,944349,26211,2025-03-06,9874863,0.0645,87,Yes
vid_942,Movie Trailer 942,5853493,687350,19725,2025-03-07,7084610,0.0938,298,Yes
vid_943,Movie Trailer 943,3396501,151194,29319,2024-08-07,7843680,0.0542,337,Yes
vid_944,Movie Trailer 944,7405350,910161,15088,2024-12-18,1807684,0.0503,599,No
vid_945,Movie Trailer 945,4598334,970183,56624,2025-04-09,1810858,0.0203,317,Yes
vid_946,Movie Trailer 946,8474685,594704,5115,2025-01-15,480083,0.0588,134,Yes
vid_947,Movie Trailer 947,7178362,28480,94858,2025-03-23,9783924,0.0774,257,Yes
vid_948,Movie Trailer 948,4337819,634586,2849,2024-08-10,1902740,0.1235,276,No
vid_949,Movie Trailer 949,7294953,264600,68930,2024-10-21,5649393,0.0504,523,No
vid_950,Movie Trailer 950,1265564,70426,43629,2024-07-16,6285725,0.1732,112,No
vid_951,Movie Trailer 951,8524493,878979,42831,2024-07-21,7753950,0.0328,215,No
vid_952,Movie Trailer 952,8940264,639382,13503,2024-07-10,6710914,0.0662,281,Yes
vid_953,Movie Trailer 953,9069296,221071,17079,2025-01-27,7396873,0.116,384,Yes
vid_954,Movie Trailer 954,4434507,806581,7541,2024-08-28,4585946,0.0632,239,Yes
vid_955,Movie Trailer 955,2802427,469033,37061,2024-11-09,8344199,0.1529,476,No
vid_956,Movie Trailer 956,3367679,891893,7746,2024-10-04,4302400,0.1002,489,No
vid_957,Movie Trailer 957,5758035,802614,7720,2024-10-08,4642094,0.1034,501,No
vid_958,Movie Trailer 958,4400020,787193,67165,2024-12-21,2708184,0.1003,399,Yes
vid_959,Movie Trailer 959,2691719,168584,13985,2024-07-25,7874491,0.0624,521,No
vid_960,Movie Trailer 960,900695,789452,62434,2024-10-15,3771771,0.0056,166,Yes
vid_961,Movie Trailer 961,848761,484510,45613,2024-12-17,1541724,0.1891,396,Yes
vid_962,Movie Trailer 962,7377664,769766,23262,2024-08-04,5876293,0.1016,213,Yes
vid_963,Movie Trailer 963,8898923,977919,80807,2024-07-09,1966730,0.1934,316,Yes
vid_964,Movie Trailer 964,5362825,341805,1441,2025-04-22,7344728,0.0438,501,Yes
vid_965,Movie Trailer 965,9698053,795478,74613,2024-07-14,9065281,0.0712,404,No
vid_966,Movie Trailer 966,8897324,225414,37491,2025-04-02,7098037,0.0111,566,Yes
vid_967,Movie Trailer 967,3331127,438816,92583,2025-02-05,4063224,0.0995,540,Yes
vid_968,Movie Trailer 968,2569272,760000,9567,2024-07-06,1095316,0.1766,279,Yes
vid_969,Movie Trailer 969,2286106,802841,74981,2025-02-03,4301915,0.1312,539,Yes
vid_970,Movie Trailer 970,6970534,579618,172,2025-01-07,6761403,0.0946,102,No
vid_971,Movie Trailer 971,7384592,898354,34752,2024-06-18,6621241,0.1078,311,No
vid_972,Movie Trailer 972,6585716,491972,19685,2025-04-11,1637675,0.1696,389,No
vid_973,Movie Trailer 973,2012324,517098,74007,2025-03-03,9096281,0.0868,39,No
vid_974,Movie Trailer 974,6272105,947631,17025,2025-01-20,802849,0.1766,240,No
vid_975,Movie Trailer 975,6681318,520084,50067,2025-02-23,1162068,0.1458,181,Yes
vid_976,Movie Trailer 976,504592,465857,32601,2024-08-13,7371131,0.153,34,No
vid_977,Movie Trailer 977,3588226,374584,93593,2025-04-14,1036891,0.0738,224,Yes
vid_978,Movie Trailer 978,6159031,508162,9843,2025-03-03,754494,0.0807,312,Yes
vid_979,Movie Trailer 979,2437540,583709,7906,2025-05-21,8812785,0.1145,493,Yes
vid_980,Movie Trailer 980,1725630,132128,32982,2024-10-25,9032370,0.0397,142,No
vid_981,Movie Trailer 981,328408,231547,49743,2024-10-04,7612432,0.1111,300,No
vid_982,Movie Trailer 982,8866884,860663,41810,2024-06-04,9157484,0.0156,192,Yes
vid_983,Movie Trailer 983,8910019,441224,96054,2024-07-22,3705697,0.1013,489,No
vid_984,Movie Trailer 984,3127172,995943,5357,2024-09-24,5278420,0.1531,134,No
vid_985,Movie Trailer 985,9282985,812495,59073,2024-12-24,9595792,0.0567,585,Yes
vid_986,Movie Trailer 986,6314680,626145,95860,2025-05-06,5328580,0.1978,311,Yes
vid_987,Movie Trailer 987,4245042,432759,2653,2025-01-24,7273003,0.1364,191,No
vid_988,Movie Trailer 988,1908739,885791,40795,2024-12-26,1761511,0.0246,380,Yes
vid_989,Movie Trailer 989,9627944,301307,18691,2024-05-26,3542815,0.195,463,No
vid_990,Movie Trailer 990,1027433,376469,50036,2024-12-29,8435610,0.0794,169,Yes
vid_991,Movie Trailer 991,8114010,378644,15902,2024-05-28,7390844,0.1592,500,Yes
vid_992,Movie Trailer 992,4671029,343062,47309,2024-10-02,4611146,0.0685,161,No
vid_993,Movie Trailer 993,3688086,266947,17083,2025-04-16,9104947,0.1879,116,No
vid_994,Movie Trailer 994,1591530,720588,30692,2024-06-05,4140289,0.1512,212,No
vid_995,Movie Trailer 995,2097258,596487,97808,2025-01-23,5352826,0.0406,397,No
vid_996,Movie Trailer 996,4866447,419165,96904,2025-01-07,6391459,0.1023,158,No
vid_997,Movie Trailer 997,8379066,687320,14299,2024-07-06,1785006,0.1005,275,No
vid_998,Movie Trailer 998,6867658,31685,7937,2024-07-25,6073310,0.01,407,Yes
vid_999,Movie Trailer 999,1006530,415331,48340,2024-06-18,4914478,0.0283,178,Yes
vid_1000,Movie Trailer 1000,9169861,995143,66717,2025-02-10,9018497,0.0673,462,Yes
